licence_group,source
48972,Germany
48973,Ireland
48974,Romania
48974,Bulgaria
48974,Serbia
48975,"United States of America"
48976,Israel
48977,Bulgaria
48977,Romania
48978,"United States of America"
48978,"United States of America"
48979,"United Arab Emirates"
48980,Ukraine
48981,Romania
48982,Ireland
48982,Ireland
48983,China
48983,Hungary
48983,Switzerland
48984,Australia
48985,Canada
48986,"South Africa"
48987,Turkey
48988,Jordan
48989,"Bosnia and Herzegovina"
48990,"Bosnia and Herzegovina"
48991,Jordan
48992,"Bosnia and Herzegovina"
48993,Germany
48994,"Bosnia and Herzegovina"
48995,Pakistan
48996,Jordan
48997,China
48998,"United States of America"
48999,"South Africa"
49000,"South Africa"
49001,Malaysia
49002,India
49003,Jordan
49004,Jordan
49005,Jordan
49006,Jordan
49007,Jordan
49008,Serbia
49009,Thailand
49010,"South Africa"
49011,Ireland
49012,"South Africa"
49012,"South Africa"
49012,"South Africa"
49014,"United States of America"
49015,China
49016,"United States of America"
49017,Thailand
49018,Ireland
49018,Ireland
49018,Ireland
49018,Ireland
49019,"United States of America"
49020,Jordan
49021,Jordan
49022,"South Africa"
49023,"United Arab Emirates"
49024,Israel
49024,Brazil
49025,Ireland
49026,Jordan
49027,Ireland
49028,"United States of America"
49029,Brazil
49030,Jordan
49031,Romania
49032,"United Arab Emirates"
49033,"South Africa"
49034,"United States of America"
49035,Jordan
49036,Ireland
49037,"South Africa"
49038,"Sri Lanka"
49039,"Bosnia and Herzegovina"
49040,Bulgaria
49041,Jordan
49042,Jordan
49043,"United States of America"
49044,"United States of America"
49045,"Korea, South"
49046,"South Africa"
49046,Ireland
49046,Ireland
49046,"United States of America"
49047,"United States of America"
49048,"United States of America"
49049,Iraq
49050,Jordan
49051,Romania
49052,"Sri Lanka"
49053,Serbia
49054,Iraq
49055,Serbia
49056,Brazil
49056,India
49057,Germany
49058,Jordan
49059,"South Africa"
49060,Jordan
49061,Brazil
49062,Jordan
49063,"United States of America"
49064,"United States of America"
49065,Turkey
49066,"United States of America"
49067,"South Africa"
49068,Germany
49069,Brazil
49070,"United States of America"
49071,Romania
49071,Montenegro
49071,Serbia
49071,Kazakhstan
49072,Romania
49072,Kazakhstan
49073,Serbia
49074,"South Africa"
49075,Serbia
49076,"Bosnia and Herzegovina"
49077,"South Africa"
49078,Namibia
49079,Germany
49080,Germany
49081,"South Africa"
49081,"South Africa"
49082,Lebanon
49083,Taiwan
49084,Bulgaria
49085,Ireland
49086,"United States of America"
49087,"Sri Lanka"
49088,"United States of America"
49089,Romania
49090,"South Africa"
49091,"South Africa"
49092,Romania
49093,"South Africa"
49094,"Korea, South"
49095,"Czech Republic"
49096,Romania
49096,Romania
49097,"United States of America"
49098,Ukraine
49099,"South Africa"
49100,"South Africa"
49101,"Non Specific Country"
49102,Germany
49103,"United States of America"
49104,"Bosnia and Herzegovina"
49105,Germany
49106,Turkey
49107,Brazil
49108,Germany
49109,Germany
49110,"South Africa"
49111,Germany
49112,China
49113,"United States of America"
49114,"South Africa"
49115,"South Africa"
49116,Romania
49116,Malaysia
49117,"South Africa"
49118,"United Arab Emirates"
49119,"United Arab Emirates"
49120,"Czech Republic"
49121,Germany
49122,"South Africa"
49123,"South Africa"
49124,"South Africa"
49125,"South Africa"
49126,"South Africa"
49127,"United Arab Emirates"
49128,Bulgaria
49129,"South Africa"
49130,"United Arab Emirates"
49131,Germany
49132,Jordan
49133,Canada
49134,"South Africa"
49135,"South Africa"
49136,"South Africa"
49137,"United Arab Emirates"
49138,Israel
49139,India
49140,Germany
49141,"South Africa"
49142,Israel
49143,"South Africa"
49144,"South Africa"
49145,Germany
49146,"United Arab Emirates"
49147,"South Africa"
49148,"South Africa"
49149,"South Africa"
49150,Romania
49151,"South Africa"
49152,Canada
49153,"South Africa"
49153,"South Africa"
49153,"South Africa"
49154,India
49155,Kuwait
49156,"South Africa"
49157,"South Africa"
49158,"South Africa"
49159,"South Africa"
49159,"South Africa"
49159,"South Africa"
49160,Serbia
49161,"Bosnia and Herzegovina"
49162,Germany
49163,India
49164,Romania
49165,"United States of America"
49166,"South Africa"
49167,Germany
49168,"United States of America"
49169,"South Africa"
49170,"South Africa"
49170,"South Africa"
49171,Brazil
49172,"United States of America"
49173,Bulgaria
49174,"South Africa"
49175,India
49176,"South Africa"
49177,Russia
49178,Germany
49179,"South Africa"
49180,Israel
49181,Serbia
49182,"South Africa"
49183,"South Africa"
49184,China
49184,China
49185,"South Africa"
49185,"South Africa"
49185,"South Africa"
49186,Turkey
49187,"South Africa"
49188,"South Africa"
49188,"South Africa"
49189,Malaysia
49190,"South Africa"
49191,Germany
49191,Germany
49192,India
49193,"United Arab Emirates"
49194,Germany
49195,"Czech Republic"
49196,Jordan
49197,France
49198,Brazil
49199,Netherlands
49200,"South Africa"
49201,"Bosnia and Herzegovina"
49201,Turkey
49202,"South Africa"
49203,Singapore
49204,China
49205,Bulgaria
49205,Romania
49206,"United States of America"
49207,"South Africa"
49208,Turkey
49209,Namibia
49210,"United States of America"
49211,"South Africa"
49212,"South Africa"
49213,"South Africa"
49214,Brazil
49215,Canada
49216,"United States of America"
49217,Belarus
49218,"United Arab Emirates"
49219,Jordan
49220,China
49221,Belarus
49222,Germany
49223,Belarus
49224,"South Africa"
49225,"United States of America"
49226,Jordan
49227,Bulgaria
49228,Belarus
49229,Bulgaria
49230,Belarus
49231,Iraq
49232,Kuwait
49232,"United States of America"
49233,"South Africa"
49234,China
49235,"United States of America"
49236,"United States of America"
49237,Austria
49238,"United States of America"
49239,"South Africa"
49240,"United States of America"
49241,Bulgaria
49241,Croatia
49242,"South Africa"
49243,Romania
49244,"United States of America"
49245,France
49246,Jordan
49247,"South Africa"
49248,Jordan
49249,"United States of America"
49250,"United States of America"
49251,"South Africa"
49252,India
49253,"South Africa"
49254,"United States of America"
49255,"Bosnia and Herzegovina"
49256,"South Africa"
49257,"United States of America"
49258,Brazil
49258,"United States of America"
49259,Germany
49260,Malta
49261,"South Africa"
49262,"Korea, South"
49263,Jordan
49264,Israel
49265,"South Africa"
49266,Serbia
49267,"South Africa"
49268,Ukraine
49269,"South Africa"
49270,"Bosnia and Herzegovina"
49271,Jordan
49272,Canada
49273,Jordan
49274,Australia
49275,"South Africa"
49276,Australia
49277,Australia
49278,Australia
49279,Australia
49280,"South Africa"
49281,"South Africa"
49282,Australia
49283,"United States of America"
49284,"South Africa"
49285,Australia
49286,"South Africa"
49287,"South Africa"
49288,"South Africa"
49289,"South Africa"
49290,Turkey
49291,Turkey
49292,"South Africa"
49293,Bulgaria
49293,Serbia
49293,Romania
49293,"Bosnia and Herzegovina"
49294,Jordan
49295,Ukraine
49296,Ireland
49297,Jordan
49298,"South Africa"
49299,Malta
49300,"South Africa"
49301,Jordan
49302,"Bosnia and Herzegovina"
49303,"United States of America"
49304,Turkey
49305,"South Africa"
49306,"South Africa"
49307,Jordan
49308,Malta
49308,Malta
49308,Malta
49308,Malta
49309,Malta
49309,Malta
49309,Malta
49310,Malta
49310,Malta
49310,Malta
49310,Malta
49310,Malta
49310,Malta
49311,Malta
49312,China
49313,Jordan
49314,Malta
49315,Malta
49315,Malta
49316,Malta
49316,Malta
49316,Malta
49316,Malta
49317,Malta
49317,Malta
49318,Malta
49318,Malta
49319,Malta
49320,Malta
49321,"South Africa"
49322,"South Africa"
49323,Australia
49324,Malta
49325,Malta
49325,Malta
49325,Malta
49326,Malta
49327,Malta
49327,Malta
49327,Malta
49328,Malta
49328,Malta
49329,Malta
49329,Malta
49330,Malta
49331,Malta
49332,Malta
49333,Malta
49334,Malta
49334,Malta
49335,Malta
49335,Malta
49336,Malta
49337,Bulgaria
49338,Canada
49339,Malta
49340,Jordan
49341,"South Africa"
49342,Iraq
49343,Jordan
49344,Malta
49345,Australia
49346,Hungary
49347,"South Africa"
49348,"South Africa"
49349,Jordan
49350,India
49350,Serbia
49351,Malta
49352,Jordan
49353,"Bosnia and Herzegovina"
49354,Canada
49355,Jordan
49356,Malta
49357,"South Africa"
49358,Canada
49359,Djibouti
49359,Egypt
49359,Kenya
49359,Madagascar
49359,Maldives
49359,Mauritius
49359,Seychelles
49359,"South Africa"
49359,"Sri Lanka"
49359,Tanzania
49360,Bulgaria
49361,"South Africa"
49362,"Sri Lanka"
49363,Romania
49363,"Bosnia and Herzegovina"
49364,"South Africa"
49365,Mauritius
49366,Jordan
49367,Jordan
49368,Jordan
49369,Australia
49370,Djibouti
49370,Egypt
49370,Kenya
49370,Madagascar
49370,Maldives
49370,Mauritius
49370,Oman
49370,Seychelles
49370,"South Africa"
49370,Tanzania
49371,"South Africa"
49372,Bulgaria
49373,Jordan
49374,Australia
49375,Malta
49376,Oman
49376,Oman
49377,Mauritius
49378,"Bosnia and Herzegovina"
49379,Jordan
49380,Jordan
49381,Serbia
49382,Mauritius
49383,Jordan
49384,Thailand
49385,Netherlands
49385,"South Africa"
49386,Mauritius
49387,Jordan
49388,"South Africa"
49389,Finland
49390,Malaysia
49391,"Korea, South"
49392,Jordan
49393,Mauritius
49394,Australia
49395,Jordan
49396,"South Africa"
49397,"South Africa"
49398,Belgium
49399,"Sri Lanka"
49400,"United States of America"
49401,Oman
49402,Jordan
49403,Bulgaria
49404,Finland
49405,"South Africa"
49406,"South Africa"
49407,"South Africa"
49408,Jordan
49409,"South Africa"
49410,Bulgaria
49411,Malta
49412,"South Africa"
49413,Jordan
49414,Jordan
49415,Romania
49416,Jordan
49417,"South Africa"
49418,Jordan
49419,"South Africa"
49420,Jordan
49421,Belarus
49422,"South Africa"
49423,"South Africa"
49424,China
49425,Turkey
49426,Jordan
49427,Netherlands
49428,Jordan
49429,Jordan
49430,Jordan
49431,Malaysia
49432,"South Africa"
49433,"United States of America"
49434,Jordan
49435,"Non Specific Country"
49436,"South Africa"
49437,Serbia
49438,Belarus
49439,Belarus
49440,Singapore
49440,"United States of America"
49441,"United States of America"
49442,Australia
49442,Australia
49443,Jordan
49444,"South Africa"
49445,Switzerland
49446,Belarus
49447,"United States of America"
49448,"United States of America"
49449,"South Africa"
49450,Belarus
49451,"South Africa"
49452,Jordan
49453,"United States of America"
49454,"South Africa"
49455,Thailand
49456,Cambodia
49456,Canada
49457,Taiwan
49458,Australia
49459,"United States of America"
49460,"South Africa"
49461,Serbia
49462,"United States of America"
49463,Serbia
49464,Australia
49465,Belarus
49466,"United States of America"
49467,"South Africa"
49468,Belarus
49469,Jordan
49469,Jordan
49469,Jordan
49470,"Czech Republic"
49471,"Bosnia and Herzegovina"
49472,China
49473,"South Africa"
49474,Romania
49475,"South Africa"
49476,Poland
49477,Ukraine
49477,Serbia
49478,Montenegro
49479,Ukraine
49480,Belgium
49481,Belgium
49482,Turkey
49483,Israel
49484,"Czech Republic"
49485,Israel
49486,Romania
49486,"Bosnia and Herzegovina"
49486,Turkey
49487,"United Arab Emirates"
49488,"Czech Republic"
49488,Montenegro
49489,Ukraine
49490,Israel
49491,Belarus
49492,China
49492,China
49493,Jordan
49494,China
49495,"United States of America"
49496,"United States of America"
49497,Croatia
49497,Croatia
49498,Iraq
49500,Jordan
49500,"United Kingdom"
49501,Jordan
49501,"United Kingdom"
49502,Israel
49503,Israel
49504,Israel
49505,Israel
49506,Jordan
49506,"United Kingdom"
49507,Israel
49508,Jordan
49508,"United Kingdom"
49509,Israel
49510,Jordan
49510,"United Kingdom"
49511,Israel
49512,Israel
49513,"United Kingdom"
49514,"United Kingdom"
49515,"United Kingdom"
49516,"United Kingdom"
49517,"United Kingdom"
49518,"United Kingdom"
49519,"United Kingdom"
49520,"United Kingdom"
49521,"United Kingdom"
49522,"United Kingdom"
49523,Taiwan
49524,"Korea, South"
49525,Singapore
49525,Israel
49525,"Czech Republic"
49525,"South Africa"
49526,Italy
49527,Italy
49528,Italy
49529,Italy
49530,Italy
49531,Italy
49532,Italy
49533,Italy
49534,Italy
49535,Italy
49536,Italy
49537,Italy
49538,Italy
49539,"Non Specific Country"
49539,"United States of America"
49540,Sweden
49541,"United Kingdom"
49542,Jordan
49543,Jordan
49544,Jordan
49545,Jordan
49546,Jordan
49547,Jordan
49548,Jordan
49549,Jordan
49550,Jordan
49551,Jordan
49552,Jordan
49553,Jordan
49554,Jordan
49555,"United States of America"
49557,Kuwait
49558,Colombia
49558,"United Arab Emirates"
49559,"Non Specific Country"
49561,"South Africa"
49562,Russia
49564,Ireland
49565,Ireland
49566,"Non Specific Country"
49567,Italy
49567,Malaysia
49568,Italy
49568,Malaysia
49569,Italy
49569,Malaysia
49570,Italy
49570,Malaysia
49571,Italy
49571,Malaysia
49572,Italy
49572,Malaysia
49573,Italy
49573,Malaysia
49574,Italy
49574,Malaysia
49575,Italy
49575,Malaysia
49576,Italy
49576,Malaysia
49577,Italy
49577,Malaysia
49578,Italy
49578,Malaysia
49579,Italy
49579,Malaysia
49580,Italy
49580,Malaysia
49581,Italy
49581,Malaysia
49582,"Non Specific Country"
49583,"South Africa"
49584,"South Africa"
49585,"South Africa"
49586,"South Africa"
49587,"South Africa"
49588,"South Africa"
49589,"South Africa"
49590,"Non Specific Country"
49591,"South Africa"
49592,"South Africa"
49593,"South Africa"
49594,"South Africa"
49595,"South Africa"
49596,Brunei
49597,Brunei
49598,Malaysia
49598,Singapore
49598,Germany
49599,"Non Specific Country"
49600,"Non Specific Country"
49601,Sweden
49602,Angola
49602,Austria
49602,Botswana
49602,Bulgaria
49602,Cameroon
49602,Chad
49602,Denmark
49602,"Equatorial Guinea"
49602,France
49602,Gabon
49602,Germany
49602,Ghana
49602,Greece
49602,"Guinea, Republic of"
49602,Hungary
49602,Israel
49602,Italy
49602,Kenya
49602,Mauritania
49602,Morocco
49602,Mozambique
49602,Namibia
49602,Netherlands
49602,Nigeria
49602,Norway
49602,Poland
49602,Portugal
49602,"Republic of Congo"
49602,Romania
49602,Senegal
49602,Slovenia
49602,"South Africa"
49602,Spain
49602,Switzerland
49602,Tanzania
49602,Turkey
49602,Uganda
49602,Ukraine
49602,"United States of America"
49603,Angola
49603,Austria
49603,Botswana
49603,Bulgaria
49603,Cameroon
49603,Chad
49603,Denmark
49603,"Equatorial Guinea"
49603,France
49603,Gabon
49603,Germany
49603,Ghana
49603,Greece
49603,"Guinea, Republic of"
49603,Hungary
49603,Israel
49603,Italy
49603,Kenya
49603,Mauritania
49603,Morocco
49603,Mozambique
49603,Namibia
49603,Netherlands
49603,Nigeria
49603,Norway
49603,Poland
49603,Portugal
49603,"Republic of Congo"
49603,Romania
49603,Senegal
49603,Slovenia
49603,"South Africa"
49603,Spain
49603,Switzerland
49603,Tanzania
49603,Turkey
49603,Uganda
49603,Ukraine
49603,"United States of America"
49604,Angola
49604,Austria
49604,Botswana
49604,Bulgaria
49604,Cameroon
49604,Chad
49604,Denmark
49604,"Equatorial Guinea"
49604,France
49604,Gabon
49604,Germany
49604,Ghana
49604,Greece
49604,"Guinea, Republic of"
49604,Hungary
49604,Israel
49604,Italy
49604,Kenya
49604,Mauritania
49604,Morocco
49604,Mozambique
49604,Namibia
49604,Netherlands
49604,Nigeria
49604,Norway
49604,Poland
49604,Portugal
49604,"Republic of Congo"
49604,Romania
49604,Senegal
49604,Slovenia
49604,"South Africa"
49604,Spain
49604,Switzerland
49604,Tanzania
49604,Turkey
49604,Uganda
49604,Ukraine
49604,"United States of America"
49605,Angola
49605,Austria
49605,Botswana
49605,Bulgaria
49605,Cameroon
49605,Chad
49605,Denmark
49605,"Equatorial Guinea"
49605,France
49605,Gabon
49605,Germany
49605,Ghana
49605,Greece
49605,"Guinea, Republic of"
49605,Hungary
49605,Israel
49605,Italy
49605,Kenya
49605,Mauritania
49605,Morocco
49605,Mozambique
49605,Namibia
49605,Netherlands
49605,Nigeria
49605,Norway
49605,Poland
49605,Portugal
49605,"Republic of Congo"
49605,Romania
49605,Senegal
49605,Slovenia
49605,"South Africa"
49605,Spain
49605,Switzerland
49605,Tanzania
49605,Turkey
49605,Uganda
49605,Ukraine
49605,"United States of America"
49606,Angola
49606,Austria
49606,Botswana
49606,Bulgaria
49606,Cameroon
49606,Chad
49606,Denmark
49606,"Equatorial Guinea"
49606,France
49606,Gabon
49606,Germany
49606,Ghana
49606,Greece
49606,"Guinea, Republic of"
49606,Hungary
49606,Israel
49606,Italy
49606,Kenya
49606,Mauritania
49606,Morocco
49606,Mozambique
49606,Namibia
49606,Netherlands
49606,Nigeria
49606,Norway
49606,Poland
49606,Portugal
49606,"Republic of Congo"
49606,Romania
49606,Senegal
49606,Slovenia
49606,"South Africa"
49606,Spain
49606,Switzerland
49606,Tanzania
49606,Turkey
49606,Uganda
49606,Ukraine
49606,"United States of America"
49607,Angola
49607,Austria
49607,Botswana
49607,Bulgaria
49607,Cameroon
49607,Chad
49607,Denmark
49607,"Equatorial Guinea"
49607,France
49607,Gabon
49607,Germany
49607,Ghana
49607,Greece
49607,"Guinea, Republic of"
49607,Hungary
49607,Israel
49607,Italy
49607,Kenya
49607,Mauritania
49607,Morocco
49607,Mozambique
49607,Namibia
49607,Netherlands
49607,Nigeria
49607,Norway
49607,Poland
49607,Portugal
49607,"Republic of Congo"
49607,Romania
49607,Senegal
49607,Slovenia
49607,"South Africa"
49607,Spain
49607,Switzerland
49607,Tanzania
49607,Turkey
49607,Uganda
49607,Ukraine
49607,"United States of America"
49608,Angola
49608,Austria
49608,Botswana
49608,Bulgaria
49608,Cameroon
49608,Chad
49608,Denmark
49608,"Equatorial Guinea"
49608,France
49608,Gabon
49608,Germany
49608,Ghana
49608,Greece
49608,"Guinea, Republic of"
49608,Hungary
49608,Israel
49608,Italy
49608,Kenya
49608,Mauritania
49608,Morocco
49608,Mozambique
49608,Namibia
49608,Netherlands
49608,Nigeria
49608,Norway
49608,Poland
49608,Portugal
49608,"Republic of Congo"
49608,Romania
49608,Senegal
49608,Slovenia
49608,"South Africa"
49608,Spain
49608,Switzerland
49608,Tanzania
49608,Turkey
49608,Uganda
49608,Ukraine
49608,"United States of America"
49609,Angola
49609,Austria
49609,Botswana
49609,Bulgaria
49609,Cameroon
49609,Chad
49609,Denmark
49609,"Equatorial Guinea"
49609,France
49609,Gabon
49609,Germany
49609,Ghana
49609,Greece
49609,"Guinea, Republic of"
49609,Hungary
49609,Israel
49609,Italy
49609,Kenya
49609,Mauritania
49609,Morocco
49609,Mozambique
49609,Namibia
49609,Netherlands
49609,Nigeria
49609,Norway
49609,Poland
49609,Portugal
49609,"Republic of Congo"
49609,Romania
49609,Senegal
49609,Slovenia
49609,"South Africa"
49609,Spain
49609,Switzerland
49609,Tanzania
49609,Turkey
49609,Uganda
49609,Ukraine
49609,"United States of America"
49610,Angola
49610,Austria
49610,Botswana
49610,Bulgaria
49610,Cameroon
49610,Chad
49610,Denmark
49610,"Equatorial Guinea"
49610,France
49610,Gabon
49610,Germany
49610,Ghana
49610,Greece
49610,"Guinea, Republic of"
49610,Hungary
49610,Israel
49610,Italy
49610,Kenya
49610,Mauritania
49610,Morocco
49610,Mozambique
49610,Namibia
49610,Netherlands
49610,Nigeria
49610,Norway
49610,Poland
49610,Portugal
49610,"Republic of Congo"
49610,Romania
49610,Senegal
49610,Slovenia
49610,"South Africa"
49610,Spain
49610,Switzerland
49610,Tanzania
49610,Turkey
49610,Uganda
49610,Ukraine
49610,"United States of America"
49611,Angola
49611,Austria
49611,Botswana
49611,Bulgaria
49611,Cameroon
49611,Chad
49611,Denmark
49611,"Equatorial Guinea"
49611,France
49611,Gabon
49611,Germany
49611,Ghana
49611,Greece
49611,"Guinea, Republic of"
49611,Hungary
49611,Israel
49611,Italy
49611,Kenya
49611,Mauritania
49611,Morocco
49611,Mozambique
49611,Namibia
49611,Netherlands
49611,Nigeria
49611,Norway
49611,Poland
49611,Portugal
49611,"Republic of Congo"
49611,Romania
49611,Senegal
49611,Slovenia
49611,"South Africa"
49611,Spain
49611,Switzerland
49611,Tanzania
49611,Turkey
49611,Uganda
49611,Ukraine
49611,"United States of America"
49612,Angola
49612,Austria
49612,Botswana
49612,Bulgaria
49612,Cameroon
49612,Chad
49612,Denmark
49612,"Equatorial Guinea"
49612,France
49612,Gabon
49612,Germany
49612,Ghana
49612,Greece
49612,"Guinea, Republic of"
49612,Hungary
49612,Israel
49612,Italy
49612,Kenya
49612,Mauritania
49612,Morocco
49612,Mozambique
49612,Namibia
49612,Netherlands
49612,Nigeria
49612,Norway
49612,Poland
49612,Portugal
49612,"Republic of Congo"
49612,Romania
49612,Senegal
49612,Slovenia
49612,"South Africa"
49612,Spain
49612,Switzerland
49612,Tanzania
49612,Turkey
49612,Uganda
49612,Ukraine
49612,"United States of America"
49613,Angola
49613,Austria
49613,Botswana
49613,Bulgaria
49613,Cameroon
49613,Chad
49613,Denmark
49613,"Equatorial Guinea"
49613,France
49613,Gabon
49613,Germany
49613,Ghana
49613,Greece
49613,"Guinea, Republic of"
49613,Hungary
49613,Israel
49613,Italy
49613,Kenya
49613,Mauritania
49613,Morocco
49613,Mozambique
49613,Namibia
49613,Netherlands
49613,Nigeria
49613,Norway
49613,Poland
49613,Portugal
49613,"Republic of Congo"
49613,Romania
49613,Senegal
49613,Slovenia
49613,"South Africa"
49613,Spain
49613,Switzerland
49613,Tanzania
49613,Turkey
49613,Uganda
49613,Ukraine
49613,"United States of America"
49614,Angola
49614,Austria
49614,Botswana
49614,Bulgaria
49614,Cameroon
49614,Chad
49614,Denmark
49614,"Equatorial Guinea"
49614,France
49614,Gabon
49614,Germany
49614,Ghana
49614,Greece
49614,"Guinea, Republic of"
49614,Hungary
49614,Israel
49614,Italy
49614,Kenya
49614,Mauritania
49614,Morocco
49614,Mozambique
49614,Namibia
49614,Netherlands
49614,Nigeria
49614,Norway
49614,Poland
49614,Portugal
49614,"Republic of Congo"
49614,Romania
49614,Senegal
49614,Slovenia
49614,"South Africa"
49614,Spain
49614,Switzerland
49614,Tanzania
49614,Turkey
49614,Uganda
49614,Ukraine
49614,"United States of America"
49615,Angola
49615,Austria
49615,Botswana
49615,Bulgaria
49615,Cameroon
49615,Chad
49615,Denmark
49615,"Equatorial Guinea"
49615,France
49615,Gabon
49615,Germany
49615,Ghana
49615,Greece
49615,"Guinea, Republic of"
49615,Hungary
49615,Israel
49615,Italy
49615,Kenya
49615,Mauritania
49615,Morocco
49615,Mozambique
49615,Namibia
49615,Netherlands
49615,Nigeria
49615,Norway
49615,Poland
49615,Portugal
49615,"Republic of Congo"
49615,Romania
49615,Senegal
49615,Slovenia
49615,"South Africa"
49615,Spain
49615,Switzerland
49615,Tanzania
49615,Turkey
49615,Uganda
49615,Ukraine
49615,"United States of America"
49616,Angola
49616,Austria
49616,Botswana
49616,Bulgaria
49616,Cameroon
49616,Chad
49616,Denmark
49616,"Equatorial Guinea"
49616,France
49616,Gabon
49616,Germany
49616,Ghana
49616,Greece
49616,"Guinea, Republic of"
49616,Hungary
49616,Israel
49616,Italy
49616,Kenya
49616,Mauritania
49616,Morocco
49616,Mozambique
49616,Namibia
49616,Netherlands
49616,Nigeria
49616,Norway
49616,Poland
49616,Portugal
49616,"Republic of Congo"
49616,Romania
49616,Senegal
49616,Slovenia
49616,"South Africa"
49616,Spain
49616,Switzerland
49616,Tanzania
49616,Turkey
49616,Uganda
49616,Ukraine
49616,"United States of America"
49617,Angola
49617,Austria
49617,Botswana
49617,Bulgaria
49617,Cameroon
49617,Chad
49617,Denmark
49617,"Equatorial Guinea"
49617,France
49617,Gabon
49617,Germany
49617,Ghana
49617,Greece
49617,"Guinea, Republic of"
49617,Hungary
49617,Israel
49617,Italy
49617,Kenya
49617,Mauritania
49617,Morocco
49617,Mozambique
49617,Namibia
49617,Netherlands
49617,Nigeria
49617,Norway
49617,Poland
49617,Portugal
49617,"Republic of Congo"
49617,Romania
49617,Senegal
49617,Slovenia
49617,"South Africa"
49617,Spain
49617,Switzerland
49617,Tanzania
49617,Turkey
49617,Uganda
49617,Ukraine
49617,"United States of America"
49618,Angola
49618,Austria
49618,Botswana
49618,Bulgaria
49618,Cameroon
49618,Chad
49618,Denmark
49618,"Equatorial Guinea"
49618,France
49618,Gabon
49618,Germany
49618,Ghana
49618,Greece
49618,"Guinea, Republic of"
49618,Hungary
49618,Israel
49618,Italy
49618,Kenya
49618,Mauritania
49618,Morocco
49618,Mozambique
49618,Namibia
49618,Netherlands
49618,Nigeria
49618,Norway
49618,Poland
49618,Portugal
49618,"Republic of Congo"
49618,Romania
49618,Senegal
49618,Slovenia
49618,"South Africa"
49618,Spain
49618,Switzerland
49618,Tanzania
49618,Turkey
49618,Uganda
49618,Ukraine
49618,"United States of America"
49619,Angola
49619,Austria
49619,Botswana
49619,Bulgaria
49619,Cameroon
49619,Chad
49619,Denmark
49619,"Equatorial Guinea"
49619,France
49619,Gabon
49619,Germany
49619,Ghana
49619,Greece
49619,"Guinea, Republic of"
49619,Hungary
49619,Israel
49619,Italy
49619,Kenya
49619,Mauritania
49619,Morocco
49619,Mozambique
49619,Namibia
49619,Netherlands
49619,Nigeria
49619,Norway
49619,Poland
49619,Portugal
49619,"Republic of Congo"
49619,Romania
49619,Senegal
49619,Slovenia
49619,"South Africa"
49619,Spain
49619,Switzerland
49619,Tanzania
49619,Turkey
49619,Uganda
49619,Ukraine
49619,"United States of America"
49620,Angola
49620,Austria
49620,Botswana
49620,Bulgaria
49620,Cameroon
49620,Chad
49620,Denmark
49620,"Equatorial Guinea"
49620,France
49620,Gabon
49620,Germany
49620,Ghana
49620,Greece
49620,"Guinea, Republic of"
49620,Hungary
49620,Israel
49620,Italy
49620,Kenya
49620,Mauritania
49620,Morocco
49620,Mozambique
49620,Namibia
49620,Netherlands
49620,Nigeria
49620,Norway
49620,Poland
49620,Portugal
49620,"Republic of Congo"
49620,Romania
49620,Senegal
49620,Slovenia
49620,"South Africa"
49620,Spain
49620,Switzerland
49620,Tanzania
49620,Turkey
49620,Uganda
49620,Ukraine
49620,"United States of America"
49621,Angola
49621,Austria
49621,Botswana
49621,Bulgaria
49621,Cameroon
49621,Chad
49621,Denmark
49621,"Equatorial Guinea"
49621,France
49621,Gabon
49621,Germany
49621,Ghana
49621,Greece
49621,"Guinea, Republic of"
49621,Hungary
49621,Israel
49621,Italy
49621,Kenya
49621,Mauritania
49621,Morocco
49621,Mozambique
49621,Namibia
49621,Netherlands
49621,Nigeria
49621,Norway
49621,Poland
49621,Portugal
49621,"Republic of Congo"
49621,Romania
49621,Senegal
49621,Slovenia
49621,"South Africa"
49621,Spain
49621,Switzerland
49621,Tanzania
49621,Turkey
49621,Uganda
49621,Ukraine
49621,"United States of America"
49622,Angola
49622,Austria
49622,Botswana
49622,Bulgaria
49622,Cameroon
49622,Chad
49622,Denmark
49622,"Equatorial Guinea"
49622,France
49622,Gabon
49622,Germany
49622,Ghana
49622,Greece
49622,"Guinea, Republic of"
49622,Hungary
49622,Israel
49622,Italy
49622,Kenya
49622,Mauritania
49622,Morocco
49622,Mozambique
49622,Namibia
49622,Netherlands
49622,Nigeria
49622,Norway
49622,Poland
49622,Portugal
49622,"Republic of Congo"
49622,Romania
49622,Senegal
49622,Slovenia
49622,"South Africa"
49622,Spain
49622,Switzerland
49622,Tanzania
49622,Turkey
49622,Uganda
49622,Ukraine
49622,"United States of America"
49623,Angola
49623,Austria
49623,Botswana
49623,Bulgaria
49623,Cameroon
49623,Chad
49623,Denmark
49623,"Equatorial Guinea"
49623,France
49623,Gabon
49623,Germany
49623,Ghana
49623,Greece
49623,"Guinea, Republic of"
49623,Hungary
49623,Israel
49623,Italy
49623,Kenya
49623,Mauritania
49623,Morocco
49623,Mozambique
49623,Namibia
49623,Netherlands
49623,Nigeria
49623,Norway
49623,Poland
49623,Portugal
49623,"Republic of Congo"
49623,Romania
49623,Senegal
49623,Slovenia
49623,"South Africa"
49623,Spain
49623,Switzerland
49623,Tanzania
49623,Turkey
49623,Uganda
49623,Ukraine
49623,"United States of America"
49624,Angola
49624,Austria
49624,Botswana
49624,Bulgaria
49624,Cameroon
49624,Chad
49624,Denmark
49624,"Equatorial Guinea"
49624,France
49624,Gabon
49624,Germany
49624,Ghana
49624,Greece
49624,"Guinea, Republic of"
49624,Hungary
49624,Israel
49624,Italy
49624,Kenya
49624,Mauritania
49624,Morocco
49624,Mozambique
49624,Namibia
49624,Netherlands
49624,Nigeria
49624,Norway
49624,Poland
49624,Portugal
49624,"Republic of Congo"
49624,Romania
49624,Senegal
49624,Slovenia
49624,"South Africa"
49624,Spain
49624,Switzerland
49624,Tanzania
49624,Turkey
49624,Uganda
49624,Ukraine
49624,"United States of America"
49625,Angola
49625,Austria
49625,Botswana
49625,Bulgaria
49625,Cameroon
49625,Chad
49625,Denmark
49625,"Equatorial Guinea"
49625,France
49625,Gabon
49625,Germany
49625,Ghana
49625,Greece
49625,"Guinea, Republic of"
49625,Hungary
49625,Israel
49625,Italy
49625,Kenya
49625,Mauritania
49625,Morocco
49625,Mozambique
49625,Namibia
49625,Netherlands
49625,Nigeria
49625,Norway
49625,Poland
49625,Portugal
49625,"Republic of Congo"
49625,Romania
49625,Senegal
49625,Slovenia
49625,"South Africa"
49625,Spain
49625,Switzerland
49625,Tanzania
49625,Turkey
49625,Uganda
49625,Ukraine
49625,"United States of America"
49626,Angola
49626,Austria
49626,Botswana
49626,Bulgaria
49626,Cameroon
49626,Chad
49626,Denmark
49626,"Equatorial Guinea"
49626,France
49626,Gabon
49626,Germany
49626,Ghana
49626,Greece
49626,"Guinea, Republic of"
49626,Hungary
49626,Israel
49626,Italy
49626,Kenya
49626,Mauritania
49626,Morocco
49626,Mozambique
49626,Namibia
49626,Netherlands
49626,Nigeria
49626,Norway
49626,Poland
49626,Portugal
49626,"Republic of Congo"
49626,Romania
49626,Senegal
49626,Slovenia
49626,"South Africa"
49626,Spain
49626,Switzerland
49626,Tanzania
49626,Turkey
49626,Uganda
49626,Ukraine
49626,"United States of America"
49627,Angola
49627,Austria
49627,Botswana
49627,Bulgaria
49627,Cameroon
49627,Chad
49627,Denmark
49627,"Equatorial Guinea"
49627,France
49627,Gabon
49627,Germany
49627,Ghana
49627,Greece
49627,"Guinea, Republic of"
49627,Hungary
49627,Israel
49627,Italy
49627,Kenya
49627,Mauritania
49627,Morocco
49627,Mozambique
49627,Namibia
49627,Netherlands
49627,Nigeria
49627,Norway
49627,Poland
49627,Portugal
49627,"Republic of Congo"
49627,Romania
49627,Senegal
49627,Slovenia
49627,"South Africa"
49627,Spain
49627,Switzerland
49627,Tanzania
49627,Turkey
49627,Uganda
49627,Ukraine
49627,"United States of America"
49628,Angola
49628,Austria
49628,Botswana
49628,Bulgaria
49628,Cameroon
49628,Chad
49628,Denmark
49628,"Equatorial Guinea"
49628,France
49628,Gabon
49628,Germany
49628,Ghana
49628,Greece
49628,"Guinea, Republic of"
49628,Hungary
49628,Israel
49628,Italy
49628,Kenya
49628,Mauritania
49628,Morocco
49628,Mozambique
49628,Namibia
49628,Netherlands
49628,Nigeria
49628,Norway
49628,Poland
49628,Portugal
49628,"Republic of Congo"
49628,Romania
49628,Senegal
49628,Slovenia
49628,"South Africa"
49628,Spain
49628,Switzerland
49628,Tanzania
49628,Turkey
49628,Uganda
49628,Ukraine
49628,"United States of America"
49629,Angola
49629,Austria
49629,Botswana
49629,Bulgaria
49629,Cameroon
49629,Chad
49629,Denmark
49629,"Equatorial Guinea"
49629,France
49629,Gabon
49629,Germany
49629,Ghana
49629,Greece
49629,"Guinea, Republic of"
49629,Hungary
49629,Israel
49629,Italy
49629,Kenya
49629,Mauritania
49629,Morocco
49629,Mozambique
49629,Namibia
49629,Netherlands
49629,Nigeria
49629,Norway
49629,Poland
49629,Portugal
49629,"Republic of Congo"
49629,Romania
49629,Senegal
49629,Slovenia
49629,"South Africa"
49629,Spain
49629,Switzerland
49629,Tanzania
49629,Turkey
49629,Uganda
49629,Ukraine
49629,"United States of America"
49630,Angola
49630,Austria
49630,Botswana
49630,Bulgaria
49630,Cameroon
49630,Chad
49630,Denmark
49630,"Equatorial Guinea"
49630,France
49630,Gabon
49630,Germany
49630,Ghana
49630,Greece
49630,"Guinea, Republic of"
49630,Hungary
49630,Israel
49630,Italy
49630,Kenya
49630,Mauritania
49630,Morocco
49630,Mozambique
49630,Namibia
49630,Netherlands
49630,Nigeria
49630,Norway
49630,Poland
49630,Portugal
49630,"Republic of Congo"
49630,Romania
49630,Senegal
49630,Slovenia
49630,"South Africa"
49630,Spain
49630,Switzerland
49630,Tanzania
49630,Turkey
49630,Uganda
49630,Ukraine
49630,"United States of America"
49631,Angola
49631,Austria
49631,Botswana
49631,Bulgaria
49631,Cameroon
49631,Chad
49631,Denmark
49631,"Equatorial Guinea"
49631,France
49631,Gabon
49631,Germany
49631,Ghana
49631,Greece
49631,"Guinea, Republic of"
49631,Hungary
49631,Israel
49631,Italy
49631,Kenya
49631,Mauritania
49631,Morocco
49631,Mozambique
49631,Namibia
49631,Netherlands
49631,Nigeria
49631,Norway
49631,Poland
49631,Portugal
49631,"Republic of Congo"
49631,Romania
49631,Senegal
49631,Slovenia
49631,"South Africa"
49631,Spain
49631,Switzerland
49631,Tanzania
49631,Turkey
49631,Uganda
49631,Ukraine
49631,"United States of America"
49632,Angola
49632,Austria
49632,Botswana
49632,Bulgaria
49632,Cameroon
49632,Chad
49632,Denmark
49632,"Equatorial Guinea"
49632,France
49632,Gabon
49632,Germany
49632,Ghana
49632,Greece
49632,"Guinea, Republic of"
49632,Hungary
49632,Israel
49632,Italy
49632,Kenya
49632,Mauritania
49632,Morocco
49632,Mozambique
49632,Namibia
49632,Netherlands
49632,Nigeria
49632,Norway
49632,Poland
49632,Portugal
49632,"Republic of Congo"
49632,Romania
49632,Senegal
49632,Slovenia
49632,"South Africa"
49632,Spain
49632,Switzerland
49632,Tanzania
49632,Turkey
49632,Uganda
49632,Ukraine
49632,"United States of America"
49633,Angola
49633,Austria
49633,Botswana
49633,Bulgaria
49633,Cameroon
49633,Chad
49633,Denmark
49633,"Equatorial Guinea"
49633,France
49633,Gabon
49633,Germany
49633,Ghana
49633,Greece
49633,"Guinea, Republic of"
49633,Hungary
49633,Israel
49633,Italy
49633,Kenya
49633,Mauritania
49633,Morocco
49633,Mozambique
49633,Namibia
49633,Netherlands
49633,Nigeria
49633,Norway
49633,Poland
49633,Portugal
49633,"Republic of Congo"
49633,Romania
49633,Senegal
49633,Slovenia
49633,"South Africa"
49633,Spain
49633,Switzerland
49633,Tanzania
49633,Turkey
49633,Uganda
49633,Ukraine
49633,"United States of America"
49634,Angola
49634,Austria
49634,Botswana
49634,Bulgaria
49634,Cameroon
49634,Chad
49634,Denmark
49634,"Equatorial Guinea"
49634,France
49634,Gabon
49634,Germany
49634,Ghana
49634,Greece
49634,"Guinea, Republic of"
49634,Hungary
49634,Israel
49634,Italy
49634,Kenya
49634,Mauritania
49634,Morocco
49634,Mozambique
49634,Namibia
49634,Netherlands
49634,Nigeria
49634,Norway
49634,Poland
49634,Portugal
49634,"Republic of Congo"
49634,Romania
49634,Senegal
49634,Slovenia
49634,"South Africa"
49634,Spain
49634,Switzerland
49634,Tanzania
49634,Turkey
49634,Uganda
49634,Ukraine
49634,"United States of America"
49635,Angola
49635,Austria
49635,Botswana
49635,Bulgaria
49635,Cameroon
49635,Chad
49635,Denmark
49635,"Equatorial Guinea"
49635,France
49635,Gabon
49635,Germany
49635,Ghana
49635,Greece
49635,"Guinea, Republic of"
49635,Hungary
49635,Israel
49635,Italy
49635,Kenya
49635,Mauritania
49635,Morocco
49635,Mozambique
49635,Namibia
49635,Netherlands
49635,Nigeria
49635,Norway
49635,Poland
49635,Portugal
49635,"Republic of Congo"
49635,Romania
49635,Senegal
49635,Slovenia
49635,"South Africa"
49635,Spain
49635,Switzerland
49635,Tanzania
49635,Turkey
49635,Uganda
49635,Ukraine
49635,"United States of America"
49636,"Saudi Arabia"
49636,France
49636,"South Africa"
49636,"United States of America"
49636,Spain
49637,Brunei
49638,Brunei
49639,Malaysia
49639,Singapore
49639,Germany
49640,Brunei
49641,"United States of America"
49642,"United States of America"
49643,Brunei
49644,"United States of America"
49645,"United States of America"
49646,"United States of America"
49647,"South Africa"
49648,"South Africa"
49649,"South Africa"
49650,"South Africa"
49651,"South Africa"
49652,"South Africa"
49653,"South Africa"
49654,"South Africa"
49655,"South Africa"
49656,"South Africa"
49657,"South Africa"
49658,"South Africa"
49659,"South Africa"
49660,"South Africa"
49661,"South Africa"
49662,"South Africa"
49663,"South Africa"
49664,"South Africa"
49665,"South Africa"
49666,"South Africa"
49667,"South Africa"
49668,"South Africa"
49669,"South Africa"
49670,Jordan
49671,Jordan
49672,Jordan
49673,Jordan
49674,Jordan
49675,Jordan
49676,Jordan
49677,Jordan
49678,"United States of America"
49679,"South Africa"
49680,"South Africa"
49681,"South Africa"
49682,"South Africa"
49683,"South Africa"
49684,"Non Specific Country"
49685,"Non Specific Country"
49686,"Non Specific Country"
49687,Malaysia
49687,France
49688,Malaysia
49688,France
49689,Malaysia
49689,France
49690,Malaysia
49690,France
49691,Malaysia
49691,France
49692,Malaysia
49692,France
49693,Malaysia
49693,France
49694,Malaysia
49694,France
49695,Malaysia
49695,France
49696,Malaysia
49696,France
49697,Malaysia
49697,France
49698,Malaysia
49698,France
49699,Malaysia
49699,France
49700,Malaysia
49700,France
49701,Malaysia
49701,France
49702,Malaysia
49702,France
49703,Malaysia
49703,France
49704,Malaysia
49704,France
49705,Malaysia
49705,France
49706,Malaysia
49706,France
49707,"South Africa"
49708,"South Africa"
49709,"South Africa"
49710,"South Africa"
49711,"South Africa"
49712,"South Africa"
49713,"South Africa"
49714,"South Africa"
49715,"South Africa"
49716,"South Africa"
49717,Portugal
49718,"Non Specific Country"
49719,"Non Specific Country"
49720,Turkey
49721,"Non Specific Country"
49722,"Non Specific Country"
49723,France
49724,Qatar
49724,"United Arab Emirates"
49725,"United States of America"
49726,"Non Specific Country"
49727,Djibouti
49727,India
49727,Kenya
49727,Malta
49727,Mauritius
49727,Oman
49727,"South Africa"
49727,"Sri Lanka"
49727,Tanzania
49727,"United Arab Emirates"
49728,Djibouti
49728,India
49728,Kenya
49728,Malta
49728,Mauritius
49728,Oman
49728,"South Africa"
49728,"Sri Lanka"
49728,Tanzania
49728,"United Arab Emirates"
49729,Djibouti
49729,India
49729,Kenya
49729,Malta
49729,Mauritius
49729,Oman
49729,"South Africa"
49729,"Sri Lanka"
49729,Tanzania
49729,"United Arab Emirates"
49730,Djibouti
49730,India
49730,Kenya
49730,Malta
49730,Mauritius
49730,Oman
49730,"South Africa"
49730,"Sri Lanka"
49730,Tanzania
49730,"United Arab Emirates"
49731,Djibouti
49731,India
49731,Kenya
49731,Malta
49731,Mauritius
49731,Oman
49731,"South Africa"
49731,"Sri Lanka"
49731,Tanzania
49731,"United Arab Emirates"
49732,Djibouti
49732,India
49732,Kenya
49732,Malta
49732,Mauritius
49732,Oman
49732,"South Africa"
49732,"Sri Lanka"
49732,Tanzania
49732,"United Arab Emirates"
49733,Djibouti
49733,India
49733,Kenya
49733,Malta
49733,Mauritius
49733,Oman
49733,"South Africa"
49733,"Sri Lanka"
49733,Tanzania
49733,"United Arab Emirates"
49734,Djibouti
49734,India
49734,Kenya
49734,Malta
49734,Mauritius
49734,Oman
49734,"South Africa"
49734,"Sri Lanka"
49734,Tanzania
49734,"United Arab Emirates"
49735,Djibouti
49735,India
49735,Kenya
49735,Malta
49735,Mauritius
49735,Oman
49735,"South Africa"
49735,"Sri Lanka"
49735,Tanzania
49735,"United Arab Emirates"
49736,"Non Specific Country"
49737,"Non Specific Country"
49738,"Non Specific Country"
49739,"Non Specific Country"
49740,"Non Specific Country"
49741,"Non Specific Country"
49742,"Non Specific Country"
49743,Argentina
49743,Brazil
49743,Egypt
49743,Gibraltar
49743,"Hong Kong Special Administrative Region"
49743,India
49743,Kenya
49743,Madagascar
49743,Malaysia
49743,Maldives
49743,Malta
49743,Mauritius
49743,Mexico
49743,Netherlands
49743,Oman
49743,Philippines
49743,Qatar
49743,Seychelles
49743,"South Africa"
49743,"Sri Lanka"
49743,Tanzania
49743,Thailand
49743,"United States of America"
49744,Argentina
49744,Brazil
49744,Egypt
49744,Gibraltar
49744,"Hong Kong Special Administrative Region"
49744,India
49744,Kenya
49744,Madagascar
49744,Malaysia
49744,Maldives
49744,Malta
49744,Mauritius
49744,Mexico
49744,Netherlands
49744,Oman
49744,Philippines
49744,Qatar
49744,Seychelles
49744,"South Africa"
49744,"Sri Lanka"
49744,Tanzania
49744,Thailand
49744,"United States of America"
49745,Argentina
49745,Brazil
49745,Egypt
49745,Gibraltar
49745,"Hong Kong Special Administrative Region"
49745,India
49745,Kenya
49745,Madagascar
49745,Malaysia
49745,Maldives
49745,Malta
49745,Mauritius
49745,Mexico
49745,Netherlands
49745,Oman
49745,Philippines
49745,Qatar
49745,Seychelles
49745,"South Africa"
49745,"Sri Lanka"
49745,Tanzania
49745,Thailand
49745,"United States of America"
49746,Argentina
49746,Brazil
49746,Egypt
49746,Gibraltar
49746,"Hong Kong Special Administrative Region"
49746,India
49746,Kenya
49746,Madagascar
49746,Malaysia
49746,Maldives
49746,Malta
49746,Mauritius
49746,Mexico
49746,Netherlands
49746,Oman
49746,Philippines
49746,Qatar
49746,Seychelles
49746,"South Africa"
49746,"Sri Lanka"
49746,Tanzania
49746,Thailand
49746,"United States of America"
49747,Argentina
49747,Brazil
49747,Egypt
49747,Gibraltar
49747,"Hong Kong Special Administrative Region"
49747,India
49747,Kenya
49747,Madagascar
49747,Malaysia
49747,Maldives
49747,Malta
49747,Mauritius
49747,Mexico
49747,Netherlands
49747,Oman
49747,Philippines
49747,Qatar
49747,Seychelles
49747,"South Africa"
49747,"Sri Lanka"
49747,Tanzania
49747,Thailand
49747,"United States of America"
49748,Argentina
49748,Brazil
49748,Egypt
49748,Gibraltar
49748,"Hong Kong Special Administrative Region"
49748,India
49748,Kenya
49748,Madagascar
49748,Malaysia
49748,Maldives
49748,Malta
49748,Mauritius
49748,Mexico
49748,Netherlands
49748,Oman
49748,Philippines
49748,Qatar
49748,Seychelles
49748,"South Africa"
49748,"Sri Lanka"
49748,Tanzania
49748,Thailand
49748,"United States of America"
49749,Argentina
49749,Brazil
49749,Egypt
49749,Gibraltar
49749,"Hong Kong Special Administrative Region"
49749,India
49749,Kenya
49749,Madagascar
49749,Malaysia
49749,Maldives
49749,Malta
49749,Mauritius
49749,Mexico
49749,Netherlands
49749,Oman
49749,Philippines
49749,Qatar
49749,Seychelles
49749,"South Africa"
49749,"Sri Lanka"
49749,Tanzania
49749,Thailand
49749,"United States of America"
49750,Argentina
49750,Brazil
49750,Egypt
49750,Gibraltar
49750,"Hong Kong Special Administrative Region"
49750,India
49750,Kenya
49750,Madagascar
49750,Malaysia
49750,Maldives
49750,Malta
49750,Mauritius
49750,Mexico
49750,Netherlands
49750,Oman
49750,Philippines
49750,Qatar
49750,Seychelles
49750,"South Africa"
49750,"Sri Lanka"
49750,Tanzania
49750,Thailand
49750,"United States of America"
49751,Argentina
49751,Brazil
49751,Egypt
49751,Gibraltar
49751,"Hong Kong Special Administrative Region"
49751,India
49751,Kenya
49751,Madagascar
49751,Malaysia
49751,Maldives
49751,Malta
49751,Mauritius
49751,Mexico
49751,Netherlands
49751,Oman
49751,Philippines
49751,Qatar
49751,Seychelles
49751,"South Africa"
49751,"Sri Lanka"
49751,Tanzania
49751,Thailand
49751,"United States of America"
49752,Argentina
49752,Brazil
49752,Egypt
49752,Gibraltar
49752,"Hong Kong Special Administrative Region"
49752,India
49752,Kenya
49752,Madagascar
49752,Malaysia
49752,Maldives
49752,Malta
49752,Mauritius
49752,Mexico
49752,Netherlands
49752,Oman
49752,Philippines
49752,Qatar
49752,Seychelles
49752,"South Africa"
49752,"Sri Lanka"
49752,Tanzania
49752,Thailand
49752,"United States of America"
49753,Argentina
49753,Brazil
49753,Egypt
49753,Gibraltar
49753,"Hong Kong Special Administrative Region"
49753,India
49753,Kenya
49753,Madagascar
49753,Malaysia
49753,Maldives
49753,Malta
49753,Mauritius
49753,Mexico
49753,Netherlands
49753,Oman
49753,Philippines
49753,Qatar
49753,Seychelles
49753,"South Africa"
49753,"Sri Lanka"
49753,Tanzania
49753,Thailand
49753,"United States of America"
49754,Argentina
49754,Brazil
49754,Egypt
49754,Gibraltar
49754,"Hong Kong Special Administrative Region"
49754,India
49754,Kenya
49754,Madagascar
49754,Malaysia
49754,Maldives
49754,Malta
49754,Mauritius
49754,Mexico
49754,Netherlands
49754,Oman
49754,Philippines
49754,Qatar
49754,Seychelles
49754,"South Africa"
49754,"Sri Lanka"
49754,Tanzania
49754,Thailand
49754,"United States of America"
49755,Argentina
49755,Brazil
49755,Egypt
49755,Gibraltar
49755,"Hong Kong Special Administrative Region"
49755,India
49755,Kenya
49755,Madagascar
49755,Malaysia
49755,Maldives
49755,Malta
49755,Mauritius
49755,Mexico
49755,Netherlands
49755,Oman
49755,Philippines
49755,Qatar
49755,Seychelles
49755,"South Africa"
49755,"Sri Lanka"
49755,Tanzania
49755,Thailand
49755,"United States of America"
49756,Argentina
49756,Brazil
49756,Egypt
49756,Gibraltar
49756,"Hong Kong Special Administrative Region"
49756,India
49756,Kenya
49756,Madagascar
49756,Malaysia
49756,Maldives
49756,Malta
49756,Mauritius
49756,Mexico
49756,Netherlands
49756,Oman
49756,Philippines
49756,Qatar
49756,Seychelles
49756,"South Africa"
49756,"Sri Lanka"
49756,Tanzania
49756,Thailand
49756,"United States of America"
49757,Argentina
49757,Brazil
49757,Egypt
49757,Gibraltar
49757,"Hong Kong Special Administrative Region"
49757,India
49757,Kenya
49757,Madagascar
49757,Malaysia
49757,Maldives
49757,Malta
49757,Mauritius
49757,Mexico
49757,Netherlands
49757,Oman
49757,Philippines
49757,Qatar
49757,Seychelles
49757,"South Africa"
49757,"Sri Lanka"
49757,Tanzania
49757,Thailand
49757,"United States of America"
49758,Argentina
49758,Brazil
49758,Egypt
49758,Gibraltar
49758,"Hong Kong Special Administrative Region"
49758,India
49758,Kenya
49758,Madagascar
49758,Malaysia
49758,Maldives
49758,Malta
49758,Mauritius
49758,Mexico
49758,Netherlands
49758,Oman
49758,Philippines
49758,Qatar
49758,Seychelles
49758,"South Africa"
49758,"Sri Lanka"
49758,Tanzania
49758,Thailand
49758,"United States of America"
49759,Argentina
49759,Brazil
49759,Egypt
49759,Gibraltar
49759,"Hong Kong Special Administrative Region"
49759,India
49759,Kenya
49759,Madagascar
49759,Malaysia
49759,Maldives
49759,Malta
49759,Mauritius
49759,Mexico
49759,Netherlands
49759,Oman
49759,Philippines
49759,Qatar
49759,Seychelles
49759,"South Africa"
49759,"Sri Lanka"
49759,Tanzania
49759,Thailand
49759,"United States of America"
49760,Argentina
49760,Brazil
49760,Egypt
49760,Gibraltar
49760,"Hong Kong Special Administrative Region"
49760,India
49760,Kenya
49760,Madagascar
49760,Malaysia
49760,Maldives
49760,Malta
49760,Mauritius
49760,Mexico
49760,Netherlands
49760,Oman
49760,Philippines
49760,Qatar
49760,Seychelles
49760,"South Africa"
49760,"Sri Lanka"
49760,Tanzania
49760,Thailand
49760,"United States of America"
49761,Argentina
49761,Brazil
49761,Egypt
49761,Gibraltar
49761,"Hong Kong Special Administrative Region"
49761,India
49761,Kenya
49761,Madagascar
49761,Malaysia
49761,Maldives
49761,Malta
49761,Mauritius
49761,Mexico
49761,Netherlands
49761,Oman
49761,Philippines
49761,Qatar
49761,Seychelles
49761,"South Africa"
49761,"Sri Lanka"
49761,Tanzania
49761,Thailand
49761,"United States of America"
49762,Argentina
49762,Brazil
49762,Egypt
49762,Gibraltar
49762,"Hong Kong Special Administrative Region"
49762,India
49762,Kenya
49762,Madagascar
49762,Malaysia
49762,Maldives
49762,Malta
49762,Mauritius
49762,Mexico
49762,Netherlands
49762,Oman
49762,Philippines
49762,Qatar
49762,Seychelles
49762,"South Africa"
49762,"Sri Lanka"
49762,Tanzania
49762,Thailand
49762,"United States of America"
49763,Argentina
49763,Brazil
49763,Egypt
49763,Gibraltar
49763,"Hong Kong Special Administrative Region"
49763,India
49763,Kenya
49763,Madagascar
49763,Malaysia
49763,Maldives
49763,Malta
49763,Mauritius
49763,Mexico
49763,Netherlands
49763,Oman
49763,Philippines
49763,Qatar
49763,Seychelles
49763,"South Africa"
49763,"Sri Lanka"
49763,Tanzania
49763,Thailand
49763,"United States of America"
49764,Argentina
49764,Brazil
49764,Egypt
49764,Gibraltar
49764,"Hong Kong Special Administrative Region"
49764,India
49764,Kenya
49764,Madagascar
49764,Malaysia
49764,Maldives
49764,Malta
49764,Mauritius
49764,Mexico
49764,Netherlands
49764,Oman
49764,Philippines
49764,Qatar
49764,Seychelles
49764,"South Africa"
49764,"Sri Lanka"
49764,Tanzania
49764,Thailand
49764,"United States of America"
49765,Argentina
49765,Brazil
49765,Egypt
49765,Gibraltar
49765,"Hong Kong Special Administrative Region"
49765,India
49765,Kenya
49765,Madagascar
49765,Malaysia
49765,Maldives
49765,Malta
49765,Mauritius
49765,Mexico
49765,Netherlands
49765,Oman
49765,Philippines
49765,Qatar
49765,Seychelles
49765,"South Africa"
49765,"Sri Lanka"
49765,Tanzania
49765,Thailand
49765,"United States of America"
49766,"South Africa"
49767,Djibouti
49767,Egypt
49767,Kenya
49767,Malaysia
49767,Maldives
49767,Malta
49767,Mauritius
49767,Mozambique
49767,Oman
49767,Seychelles
49767,Singapore
49767,"South Africa"
49767,"Sri Lanka"
49767,Tanzania
49768,"South Africa"
49769,Djibouti
49769,Egypt
49769,Kenya
49769,Malaysia
49769,Maldives
49769,Malta
49769,Mauritius
49769,Mozambique
49769,Oman
49769,Seychelles
49769,Singapore
49769,"South Africa"
49769,"Sri Lanka"
49769,Tanzania
49770,"South Africa"
49771,Djibouti
49771,Egypt
49771,Kenya
49771,Malaysia
49771,Maldives
49771,Malta
49771,Mauritius
49771,Mozambique
49771,Oman
49771,Seychelles
49771,Singapore
49771,"South Africa"
49771,"Sri Lanka"
49771,Tanzania
49772,Djibouti
49772,Egypt
49772,Kenya
49772,Malaysia
49772,Maldives
49772,Malta
49772,Mauritius
49772,Mozambique
49772,Oman
49772,Seychelles
49772,Singapore
49772,"South Africa"
49772,"Sri Lanka"
49772,Tanzania
49773,Djibouti
49773,Egypt
49773,Kenya
49773,Malaysia
49773,Maldives
49773,Malta
49773,Mauritius
49773,Mozambique
49773,Oman
49773,Seychelles
49773,Singapore
49773,"South Africa"
49773,"Sri Lanka"
49773,Tanzania
49774,Djibouti
49774,Egypt
49774,Kenya
49774,Malaysia
49774,Maldives
49774,Malta
49774,Mauritius
49774,Mozambique
49774,Oman
49774,Seychelles
49774,Singapore
49774,"South Africa"
49774,"Sri Lanka"
49774,Tanzania
49775,Djibouti
49775,Egypt
49775,Kenya
49775,Malaysia
49775,Maldives
49775,Malta
49775,Mauritius
49775,Mozambique
49775,Oman
49775,Seychelles
49775,Singapore
49775,"South Africa"
49775,"Sri Lanka"
49775,Tanzania
49776,Djibouti
49776,Egypt
49776,Kenya
49776,Malaysia
49776,Maldives
49776,Malta
49776,Mauritius
49776,Mozambique
49776,Oman
49776,Seychelles
49776,Singapore
49776,"South Africa"
49776,"Sri Lanka"
49776,Tanzania
49777,Djibouti
49777,Egypt
49777,Kenya
49777,Malaysia
49777,Maldives
49777,Malta
49777,Mauritius
49777,Mozambique
49777,Oman
49777,Seychelles
49777,Singapore
49777,"South Africa"
49777,"Sri Lanka"
49777,Tanzania
49778,"South Africa"
49779,"South Africa"
49780,Djibouti
49780,Egypt
49780,Kenya
49780,Malaysia
49780,Maldives
49780,Malta
49780,Mauritius
49780,Mozambique
49780,Oman
49780,Seychelles
49780,Singapore
49780,"South Africa"
49780,"Sri Lanka"
49780,Tanzania
49781,Djibouti
49781,Egypt
49781,Kenya
49781,Malaysia
49781,Maldives
49781,Malta
49781,Mauritius
49781,Mozambique
49781,Oman
49781,Seychelles
49781,Singapore
49781,"South Africa"
49781,"Sri Lanka"
49781,Tanzania
49782,Djibouti
49782,Egypt
49782,Kenya
49782,Malaysia
49782,Maldives
49782,Malta
49782,Mauritius
49782,Mozambique
49782,Oman
49782,Seychelles
49782,Singapore
49782,"South Africa"
49782,"Sri Lanka"
49782,Tanzania
49783,Djibouti
49783,Egypt
49783,Kenya
49783,Malaysia
49783,Maldives
49783,Malta
49783,Mauritius
49783,Mozambique
49783,Oman
49783,Seychelles
49783,Singapore
49783,"South Africa"
49783,"Sri Lanka"
49783,Tanzania
49784,Djibouti
49784,Egypt
49784,Kenya
49784,Malaysia
49784,Maldives
49784,Malta
49784,Mauritius
49784,Mozambique
49784,Oman
49784,Seychelles
49784,Singapore
49784,"South Africa"
49784,"Sri Lanka"
49784,Tanzania
49785,Kenya
49785,Oman
49785,"Sri Lanka"
49786,Kenya
49786,Oman
49786,"Sri Lanka"
49787,Kenya
49787,Oman
49787,"Sri Lanka"
49788,Djibouti
49788,India
49788,Kenya
49788,Madagascar
49788,Maldives
49788,Malta
49788,Mauritius
49788,Mozambique
49788,Oman
49788,"South Africa"
49788,"Sri Lanka"
49788,Tanzania
49789,Djibouti
49789,India
49789,Kenya
49789,Madagascar
49789,Maldives
49789,Malta
49789,Mauritius
49789,Mozambique
49789,Oman
49789,"South Africa"
49789,"Sri Lanka"
49789,Tanzania
49790,Djibouti
49790,India
49790,Kenya
49790,Madagascar
49790,Maldives
49790,Malta
49790,Mauritius
49790,Mozambique
49790,Oman
49790,"South Africa"
49790,"Sri Lanka"
49790,Tanzania
49791,Djibouti
49791,India
49791,Kenya
49791,Madagascar
49791,Maldives
49791,Malta
49791,Mauritius
49791,Mozambique
49791,Oman
49791,"South Africa"
49791,"Sri Lanka"
49791,Tanzania
49792,Djibouti
49792,India
49792,Kenya
49792,Madagascar
49792,Maldives
49792,Malta
49792,Mauritius
49792,Mozambique
49792,Oman
49792,"South Africa"
49792,"Sri Lanka"
49792,Tanzania
49793,Djibouti
49793,India
49793,Kenya
49793,Madagascar
49793,Maldives
49793,Malta
49793,Mauritius
49793,Mozambique
49793,Oman
49793,"South Africa"
49793,"Sri Lanka"
49793,Tanzania
49794,Djibouti
49794,India
49794,Kenya
49794,Madagascar
49794,Maldives
49794,Malta
49794,Mauritius
49794,Mozambique
49794,Oman
49794,"South Africa"
49794,"Sri Lanka"
49794,Tanzania
49795,Djibouti
49795,India
49795,Kenya
49795,Madagascar
49795,Maldives
49795,Malta
49795,Mauritius
49795,Mozambique
49795,Oman
49795,"South Africa"
49795,"Sri Lanka"
49795,Tanzania
49796,Djibouti
49796,India
49796,Kenya
49796,Madagascar
49796,Maldives
49796,Malta
49796,Mauritius
49796,Mozambique
49796,Oman
49796,"South Africa"
49796,"Sri Lanka"
49796,Tanzania
49797,Djibouti
49797,India
49797,Kenya
49797,Madagascar
49797,Maldives
49797,Malta
49797,Mauritius
49797,Mozambique
49797,Oman
49797,"South Africa"
49797,"Sri Lanka"
49797,Tanzania
49798,Malta
49798,Mauritius
49798,Oman
49798,"South Africa"
49798,"Sri Lanka"
49799,"Non Specific Country"
49800,Malta
49800,Mauritius
49800,Oman
49800,"South Africa"
49800,"Sri Lanka"
49801,Malta
49801,Mauritius
49801,Oman
49801,"South Africa"
49801,"Sri Lanka"
49802,Malta
49802,Mauritius
49802,Oman
49802,"South Africa"
49802,"Sri Lanka"
49803,Malta
49803,Mauritius
49803,Oman
49803,"South Africa"
49803,"Sri Lanka"
49804,Jordan
49805,Jordan
49806,Jordan
49807,Jordan
49808,Jordan
49809,Jordan
49810,Jordan
49811,Jordan
49812,Jordan
49813,Jordan
49814,Jordan
49815,Djibouti
49815,Malta
49815,Mauritius
49815,Oman
49815,"South Africa"
49815,"Sri Lanka"
49816,Djibouti
49816,Malta
49816,Mauritius
49816,Oman
49816,"South Africa"
49816,"Sri Lanka"
49817,Djibouti
49817,Malta
49817,Mauritius
49817,Oman
49817,"South Africa"
49817,"Sri Lanka"
49818,Djibouti
49818,Malta
49818,Mauritius
49818,Oman
49818,"South Africa"
49818,"Sri Lanka"
49819,Djibouti
49819,Malta
49819,Mauritius
49819,Oman
49819,"South Africa"
49819,"Sri Lanka"
49820,Djibouti
49820,Malta
49820,Mauritius
49820,Oman
49820,"South Africa"
49820,"Sri Lanka"
49821,Djibouti
49821,Kenya
49821,Malta
49821,Mauritius
49821,Oman
49821,"South Africa"
49821,"Sri Lanka"
49822,Djibouti
49822,Kenya
49822,Malta
49822,Mauritius
49822,Oman
49822,"South Africa"
49822,"Sri Lanka"
49823,Djibouti
49823,Kenya
49823,Malta
49823,Mauritius
49823,Oman
49823,"South Africa"
49823,"Sri Lanka"
49824,Djibouti
49824,Kenya
49824,Malta
49824,Mauritius
49824,Oman
49824,"South Africa"
49824,"Sri Lanka"
49825,Djibouti
49825,Kenya
49825,Malta
49825,Mauritius
49825,Oman
49825,"South Africa"
49825,"Sri Lanka"
49826,Djibouti
49826,Kenya
49826,Malta
49826,Mauritius
49826,Oman
49826,"South Africa"
49826,"Sri Lanka"
49827,Djibouti
49827,Kenya
49827,Malta
49827,Mauritius
49827,Oman
49827,"South Africa"
49827,"Sri Lanka"
49828,Australia
49828,Djibouti
49828,Egypt
49828,Malaysia
49828,Malta
49828,Oman
49828,Singapore
49828,"South Africa"
49828,"Sri Lanka"
49828,Tanzania
49828,Thailand
49829,Australia
49829,Djibouti
49829,Egypt
49829,Malaysia
49829,Malta
49829,Oman
49829,Singapore
49829,"South Africa"
49829,"Sri Lanka"
49829,Tanzania
49829,Thailand
49830,Australia
49830,Djibouti
49830,Egypt
49830,Malaysia
49830,Malta
49830,Oman
49830,Singapore
49830,"South Africa"
49830,"Sri Lanka"
49830,Tanzania
49830,Thailand
49831,Australia
49831,Djibouti
49831,Egypt
49831,Malaysia
49831,Malta
49831,Oman
49831,Singapore
49831,"South Africa"
49831,"Sri Lanka"
49831,Tanzania
49831,Thailand
49832,Australia
49832,Djibouti
49832,Egypt
49832,Malaysia
49832,Malta
49832,Oman
49832,Singapore
49832,"South Africa"
49832,"Sri Lanka"
49832,Tanzania
49832,Thailand
49833,Australia
49833,Djibouti
49833,Egypt
49833,Malaysia
49833,Malta
49833,Oman
49833,Singapore
49833,"South Africa"
49833,"Sri Lanka"
49833,Tanzania
49833,Thailand
49834,Australia
49834,Djibouti
49834,Egypt
49834,Malaysia
49834,Malta
49834,Oman
49834,Singapore
49834,"South Africa"
49834,"Sri Lanka"
49834,Tanzania
49834,Thailand
49835,Australia
49835,Djibouti
49835,Egypt
49835,Malaysia
49835,Malta
49835,Oman
49835,Singapore
49835,"South Africa"
49835,"Sri Lanka"
49835,Tanzania
49835,Thailand
49836,Australia
49836,Djibouti
49836,Egypt
49836,Malaysia
49836,Malta
49836,Oman
49836,Singapore
49836,"South Africa"
49836,"Sri Lanka"
49836,Tanzania
49836,Thailand
49837,Australia
49837,Djibouti
49837,Egypt
49837,Malaysia
49837,Malta
49837,Oman
49837,Singapore
49837,"South Africa"
49837,"Sri Lanka"
49837,Tanzania
49837,Thailand
49838,Australia
49838,Djibouti
49838,Egypt
49838,Malaysia
49838,Malta
49838,Oman
49838,Singapore
49838,"South Africa"
49838,"Sri Lanka"
49838,Tanzania
49838,Thailand
49839,Djibouti
49839,Egypt
49839,Jordan
49839,Malta
49839,Mauritius
49839,Oman
49839,"South Africa"
49839,"Sri Lanka"
49840,Djibouti
49840,Egypt
49840,Jordan
49840,Malta
49840,Mauritius
49840,Oman
49840,"South Africa"
49840,"Sri Lanka"
49841,Djibouti
49841,Egypt
49841,Jordan
49841,Malta
49841,Mauritius
49841,Oman
49841,"South Africa"
49841,"Sri Lanka"
49842,Djibouti
49842,Egypt
49842,Jordan
49842,Malta
49842,Mauritius
49842,Oman
49842,"South Africa"
49842,"Sri Lanka"
49843,Djibouti
49843,Egypt
49843,Jordan
49843,Malta
49843,Mauritius
49843,Oman
49843,"South Africa"
49843,"Sri Lanka"
49844,Djibouti
49844,Egypt
49844,Jordan
49844,Malta
49844,Mauritius
49844,Oman
49844,"South Africa"
49844,"Sri Lanka"
49845,Djibouti
49845,Egypt
49845,Jordan
49845,Malta
49845,Mauritius
49845,Oman
49845,"South Africa"
49845,"Sri Lanka"
49846,Djibouti
49846,Egypt
49846,Jordan
49846,Malta
49846,Mauritius
49846,Oman
49846,"South Africa"
49846,"Sri Lanka"
49847,Djibouti
49847,Egypt
49847,Kenya
49847,Maldives
49847,Mauritius
49847,Mozambique
49847,Oman
49847,Seychelles
49847,"South Africa"
49847,"Sri Lanka"
49847,Tanzania
49848,Djibouti
49848,Egypt
49848,Kenya
49848,Maldives
49848,Mauritius
49848,Mozambique
49848,Oman
49848,Seychelles
49848,"South Africa"
49848,"Sri Lanka"
49848,Tanzania
49849,Djibouti
49849,Egypt
49849,Kenya
49849,Maldives
49849,Mauritius
49849,Mozambique
49849,Oman
49849,Seychelles
49849,"South Africa"
49849,"Sri Lanka"
49849,Tanzania
49850,Djibouti
49850,Egypt
49850,Kenya
49850,Maldives
49850,Mauritius
49850,Mozambique
49850,Oman
49850,Seychelles
49850,"South Africa"
49850,"Sri Lanka"
49850,Tanzania
49851,Djibouti
49851,Egypt
49851,Kenya
49851,Maldives
49851,Mauritius
49851,Mozambique
49851,Oman
49851,Seychelles
49851,"South Africa"
49851,"Sri Lanka"
49851,Tanzania
49852,Djibouti
49852,Egypt
49852,Kenya
49852,Maldives
49852,Mauritius
49852,Mozambique
49852,Oman
49852,Seychelles
49852,"South Africa"
49852,"Sri Lanka"
49852,Tanzania
49853,Djibouti
49853,Egypt
49853,Kenya
49853,Maldives
49853,Mauritius
49853,Mozambique
49853,Oman
49853,Seychelles
49853,"South Africa"
49853,"Sri Lanka"
49853,Tanzania
49854,Djibouti
49854,Egypt
49854,Kenya
49854,Maldives
49854,Mauritius
49854,Mozambique
49854,Oman
49854,Seychelles
49854,"South Africa"
49854,"Sri Lanka"
49854,Tanzania
49855,Djibouti
49855,Egypt
49855,Kenya
49855,Maldives
49855,Mauritius
49855,Mozambique
49855,Oman
49855,Seychelles
49855,"South Africa"
49855,"Sri Lanka"
49855,Tanzania
49856,Djibouti
49856,Egypt
49856,Kenya
49856,Maldives
49856,Mauritius
49856,Mozambique
49856,Oman
49856,Seychelles
49856,"South Africa"
49856,"Sri Lanka"
49856,Tanzania
49857,Djibouti
49857,Egypt
49857,Kenya
49857,Maldives
49857,Mauritius
49857,Mozambique
49857,Oman
49857,Seychelles
49857,"South Africa"
49857,"Sri Lanka"
49857,Tanzania
49858,Djibouti
49858,Egypt
49858,Kenya
49858,Maldives
49858,Mauritius
49858,Mozambique
49858,Oman
49858,Seychelles
49858,"South Africa"
49858,"Sri Lanka"
49858,Tanzania
49859,Malta
49859,Mauritius
49859,Oman
49859,"South Africa"
49859,"Sri Lanka"
49860,Malta
49860,Mauritius
49860,Oman
49860,"South Africa"
49860,"Sri Lanka"
49861,Malta
49861,Mauritius
49861,Oman
49861,"South Africa"
49861,"Sri Lanka"
49862,Malta
49862,Mauritius
49862,Oman
49862,"South Africa"
49862,"Sri Lanka"
49863,Malta
49863,Mauritius
49863,Oman
49863,"South Africa"
49863,"Sri Lanka"
49864,Djibouti
49864,Kenya
49864,Oman
49864,"South Africa"
49864,"Sri Lanka"
49865,Djibouti
49865,Kenya
49865,Oman
49865,"South Africa"
49865,"Sri Lanka"
49866,Djibouti
49866,Kenya
49866,Oman
49866,"South Africa"
49866,"Sri Lanka"
49867,Djibouti
49867,Kenya
49867,Oman
49867,"South Africa"
49867,"Sri Lanka"
49868,Djibouti
49868,Kenya
49868,Oman
49868,"South Africa"
49868,"Sri Lanka"
49869,Djibouti
49869,Jordan
49869,Maldives
49869,Malta
49869,Mauritius
49869,Mozambique
49869,Oman
49869,Seychelles
49869,"South Africa"
49869,"Sri Lanka"
49869,Tanzania
49870,Djibouti
49870,Jordan
49870,Maldives
49870,Malta
49870,Mauritius
49870,Mozambique
49870,Oman
49870,Seychelles
49870,"South Africa"
49870,"Sri Lanka"
49870,Tanzania
49871,Djibouti
49871,Jordan
49871,Maldives
49871,Malta
49871,Mauritius
49871,Mozambique
49871,Oman
49871,Seychelles
49871,"South Africa"
49871,"Sri Lanka"
49871,Tanzania
49872,Djibouti
49872,Jordan
49872,Maldives
49872,Malta
49872,Mauritius
49872,Mozambique
49872,Oman
49872,Seychelles
49872,"South Africa"
49872,"Sri Lanka"
49872,Tanzania
49873,Djibouti
49873,Jordan
49873,Maldives
49873,Malta
49873,Mauritius
49873,Mozambique
49873,Oman
49873,Seychelles
49873,"South Africa"
49873,"Sri Lanka"
49873,Tanzania
49874,Djibouti
49874,Jordan
49874,Maldives
49874,Malta
49874,Mauritius
49874,Mozambique
49874,Oman
49874,Seychelles
49874,"South Africa"
49874,"Sri Lanka"
49874,Tanzania
49875,Djibouti
49875,Jordan
49875,Maldives
49875,Malta
49875,Mauritius
49875,Mozambique
49875,Oman
49875,Seychelles
49875,"South Africa"
49875,"Sri Lanka"
49875,Tanzania
49876,Djibouti
49876,Jordan
49876,Maldives
49876,Malta
49876,Mauritius
49876,Mozambique
49876,Oman
49876,Seychelles
49876,"South Africa"
49876,"Sri Lanka"
49876,Tanzania
49877,Djibouti
49877,Jordan
49877,Maldives
49877,Malta
49877,Mauritius
49877,Mozambique
49877,Oman
49877,Seychelles
49877,"South Africa"
49877,"Sri Lanka"
49877,Tanzania
49878,Djibouti
49878,Jordan
49878,Maldives
49878,Malta
49878,Mauritius
49878,Mozambique
49878,Oman
49878,Seychelles
49878,"South Africa"
49878,"Sri Lanka"
49878,Tanzania
49879,Djibouti
49879,Jordan
49879,Maldives
49879,Malta
49879,Mauritius
49879,Mozambique
49879,Oman
49879,Seychelles
49879,"South Africa"
49879,"Sri Lanka"
49879,Tanzania
49880,Djibouti
49880,Egypt
49880,India
49880,Kenya
49880,Madagascar
49880,Malaysia
49880,Maldives
49880,Malta
49880,Mauritius
49880,Mozambique
49880,Oman
49880,Seychelles
49880,"South Africa"
49880,"Sri Lanka"
49880,Tanzania
49881,Djibouti
49881,Egypt
49881,India
49881,Kenya
49881,Madagascar
49881,Malaysia
49881,Maldives
49881,Malta
49881,Mauritius
49881,Mozambique
49881,Oman
49881,Seychelles
49881,"South Africa"
49881,"Sri Lanka"
49881,Tanzania
49882,Djibouti
49882,Egypt
49882,India
49882,Kenya
49882,Madagascar
49882,Malaysia
49882,Maldives
49882,Malta
49882,Mauritius
49882,Mozambique
49882,Oman
49882,Seychelles
49882,"South Africa"
49882,"Sri Lanka"
49882,Tanzania
49883,Djibouti
49883,Egypt
49883,India
49883,Kenya
49883,Madagascar
49883,Malaysia
49883,Maldives
49883,Malta
49883,Mauritius
49883,Mozambique
49883,Oman
49883,Seychelles
49883,"South Africa"
49883,"Sri Lanka"
49883,Tanzania
49884,Djibouti
49884,Egypt
49884,India
49884,Kenya
49884,Madagascar
49884,Malaysia
49884,Maldives
49884,Malta
49884,Mauritius
49884,Mozambique
49884,Oman
49884,Seychelles
49884,"South Africa"
49884,"Sri Lanka"
49884,Tanzania
49885,Djibouti
49885,Egypt
49885,India
49885,Kenya
49885,Madagascar
49885,Malaysia
49885,Maldives
49885,Malta
49885,Mauritius
49885,Mozambique
49885,Oman
49885,Seychelles
49885,"South Africa"
49885,"Sri Lanka"
49885,Tanzania
49886,Djibouti
49886,Egypt
49886,India
49886,Kenya
49886,Madagascar
49886,Malaysia
49886,Maldives
49886,Malta
49886,Mauritius
49886,Mozambique
49886,Oman
49886,Seychelles
49886,"South Africa"
49886,"Sri Lanka"
49886,Tanzania
49887,Djibouti
49887,Egypt
49887,India
49887,Kenya
49887,Madagascar
49887,Malaysia
49887,Maldives
49887,Malta
49887,Mauritius
49887,Mozambique
49887,Oman
49887,Seychelles
49887,"South Africa"
49887,"Sri Lanka"
49887,Tanzania
49888,Djibouti
49888,Egypt
49888,India
49888,Kenya
49888,Madagascar
49888,Malaysia
49888,Maldives
49888,Malta
49888,Mauritius
49888,Mozambique
49888,Oman
49888,Seychelles
49888,"South Africa"
49888,"Sri Lanka"
49888,Tanzania
49889,Djibouti
49889,Egypt
49889,India
49889,Kenya
49889,Madagascar
49889,Malaysia
49889,Maldives
49889,Malta
49889,Mauritius
49889,Mozambique
49889,Oman
49889,Seychelles
49889,"South Africa"
49889,"Sri Lanka"
49889,Tanzania
49890,Djibouti
49890,Egypt
49890,India
49890,Kenya
49890,Madagascar
49890,Malaysia
49890,Maldives
49890,Malta
49890,Mauritius
49890,Mozambique
49890,Oman
49890,Seychelles
49890,"South Africa"
49890,"Sri Lanka"
49890,Tanzania
49891,Djibouti
49891,Egypt
49891,India
49891,Kenya
49891,Madagascar
49891,Malaysia
49891,Maldives
49891,Malta
49891,Mauritius
49891,Mozambique
49891,Oman
49891,Seychelles
49891,"South Africa"
49891,"Sri Lanka"
49891,Tanzania
49892,Djibouti
49892,Egypt
49892,India
49892,Kenya
49892,Madagascar
49892,Malaysia
49892,Maldives
49892,Malta
49892,Mauritius
49892,Mozambique
49892,Oman
49892,Seychelles
49892,"South Africa"
49892,"Sri Lanka"
49892,Tanzania
49893,Djibouti
49893,Egypt
49893,India
49893,Kenya
49893,Madagascar
49893,Malaysia
49893,Maldives
49893,Malta
49893,Mauritius
49893,Mozambique
49893,Oman
49893,Seychelles
49893,"South Africa"
49893,"Sri Lanka"
49893,Tanzania
49894,Cyprus
49894,Djibouti
49894,Egypt
49894,Kenya
49894,Kuwait
49894,Madagascar
49894,Maldives
49894,Malta
49894,Mauritius
49894,Mozambique
49894,Oman
49894,Seychelles
49894,Singapore
49894,"South Africa"
49894,"Sri Lanka"
49894,"United Arab Emirates"
49895,Cyprus
49895,Djibouti
49895,Egypt
49895,Kenya
49895,Kuwait
49895,Madagascar
49895,Maldives
49895,Malta
49895,Mauritius
49895,Mozambique
49895,Oman
49895,Seychelles
49895,Singapore
49895,"South Africa"
49895,"Sri Lanka"
49895,"United Arab Emirates"
49896,Cyprus
49896,Djibouti
49896,Egypt
49896,Kenya
49896,Kuwait
49896,Madagascar
49896,Maldives
49896,Malta
49896,Mauritius
49896,Mozambique
49896,Oman
49896,Seychelles
49896,Singapore
49896,"South Africa"
49896,"Sri Lanka"
49896,"United Arab Emirates"
49897,Cyprus
49897,Djibouti
49897,Egypt
49897,Kenya
49897,Kuwait
49897,Madagascar
49897,Maldives
49897,Malta
49897,Mauritius
49897,Mozambique
49897,Oman
49897,Seychelles
49897,Singapore
49897,"South Africa"
49897,"Sri Lanka"
49897,"United Arab Emirates"
49898,Cyprus
49898,Djibouti
49898,Egypt
49898,Kenya
49898,Kuwait
49898,Madagascar
49898,Maldives
49898,Malta
49898,Mauritius
49898,Mozambique
49898,Oman
49898,Seychelles
49898,Singapore
49898,"South Africa"
49898,"Sri Lanka"
49898,"United Arab Emirates"
49899,Cyprus
49899,Djibouti
49899,Egypt
49899,Kenya
49899,Kuwait
49899,Madagascar
49899,Maldives
49899,Malta
49899,Mauritius
49899,Mozambique
49899,Oman
49899,Seychelles
49899,Singapore
49899,"South Africa"
49899,"Sri Lanka"
49899,"United Arab Emirates"
49900,Cyprus
49900,Djibouti
49900,Egypt
49900,Kenya
49900,Kuwait
49900,Madagascar
49900,Maldives
49900,Malta
49900,Mauritius
49900,Mozambique
49900,Oman
49900,Seychelles
49900,Singapore
49900,"South Africa"
49900,"Sri Lanka"
49900,"United Arab Emirates"
49901,Cyprus
49901,Djibouti
49901,Egypt
49901,Kenya
49901,Kuwait
49901,Madagascar
49901,Maldives
49901,Malta
49901,Mauritius
49901,Mozambique
49901,Oman
49901,Seychelles
49901,Singapore
49901,"South Africa"
49901,"Sri Lanka"
49901,"United Arab Emirates"
49902,Cyprus
49902,Djibouti
49902,Egypt
49902,Kenya
49902,Kuwait
49902,Madagascar
49902,Maldives
49902,Malta
49902,Mauritius
49902,Mozambique
49902,Oman
49902,Seychelles
49902,Singapore
49902,"South Africa"
49902,"Sri Lanka"
49902,"United Arab Emirates"
49903,Cyprus
49903,Djibouti
49903,Egypt
49903,Kenya
49903,Kuwait
49903,Madagascar
49903,Maldives
49903,Malta
49903,Mauritius
49903,Mozambique
49903,Oman
49903,Seychelles
49903,Singapore
49903,"South Africa"
49903,"Sri Lanka"
49903,"United Arab Emirates"
49904,Cyprus
49904,Djibouti
49904,Egypt
49904,Kenya
49904,Kuwait
49904,Madagascar
49904,Maldives
49904,Malta
49904,Mauritius
49904,Mozambique
49904,Oman
49904,Seychelles
49904,Singapore
49904,"South Africa"
49904,"Sri Lanka"
49904,"United Arab Emirates"
49905,Egypt
49905,Kenya
49905,Madagascar
49905,Maldives
49905,Mauritius
49905,Oman
49905,Seychelles
49905,Singapore
49905,"South Africa"
49905,"Sri Lanka"
49905,Tanzania
49906,Egypt
49906,Kenya
49906,Madagascar
49906,Maldives
49906,Mauritius
49906,Oman
49906,Seychelles
49906,Singapore
49906,"South Africa"
49906,"Sri Lanka"
49906,Tanzania
49907,Egypt
49907,Kenya
49907,Madagascar
49907,Maldives
49907,Mauritius
49907,Oman
49907,Seychelles
49907,Singapore
49907,"South Africa"
49907,"Sri Lanka"
49907,Tanzania
49908,Kenya
49908,Mauritius
49908,Oman
49908,"Sri Lanka"
49908,Egypt
49908,Madagascar
49908,Maldives
49908,Seychelles
49908,Singapore
49908,"South Africa"
49908,Tanzania
49909,Egypt
49909,Kenya
49909,Madagascar
49909,Maldives
49909,Mauritius
49909,Oman
49909,Seychelles
49909,Singapore
49909,"South Africa"
49909,"Sri Lanka"
49909,Tanzania
49910,Kenya
49910,Mauritius
49910,Oman
49910,"Sri Lanka"
49910,Egypt
49910,Madagascar
49910,Maldives
49910,Seychelles
49910,Singapore
49910,"South Africa"
49910,Tanzania
49911,Kenya
49911,Mauritius
49911,Oman
49911,"Sri Lanka"
49911,Egypt
49911,Madagascar
49911,Maldives
49911,Seychelles
49911,Singapore
49911,"South Africa"
49911,Tanzania
49912,Egypt
49912,Kenya
49912,Madagascar
49912,Maldives
49912,Mauritius
49912,Oman
49912,Seychelles
49912,Singapore
49912,"South Africa"
49912,"Sri Lanka"
49912,Tanzania
49913,Egypt
49913,Kenya
49913,Madagascar
49913,Maldives
49913,Mauritius
49913,Oman
49913,Seychelles
49913,Singapore
49913,"South Africa"
49913,"Sri Lanka"
49913,Tanzania
49914,Egypt
49914,Kenya
49914,Madagascar
49914,Maldives
49914,Mauritius
49914,Oman
49914,Seychelles
49914,Singapore
49914,"South Africa"
49914,"Sri Lanka"
49914,Tanzania
49915,Kenya
49915,Mauritius
49915,Oman
49915,"Sri Lanka"
49915,Egypt
49915,Madagascar
49915,Maldives
49915,Seychelles
49915,Singapore
49915,"South Africa"
49915,Tanzania
49916,Mauritius
49916,Oman
49916,"South Africa"
49916,"Sri Lanka"
49917,Mauritius
49917,Oman
49917,"South Africa"
49917,"Sri Lanka"
49918,Mauritius
49918,Oman
49918,"South Africa"
49918,"Sri Lanka"
49919,Mauritius
49919,Oman
49919,"South Africa"
49919,"Sri Lanka"
49920,Djibouti
49920,Egypt
49920,Jordan
49920,Malta
49920,Mauritius
49920,Oman
49920,"South Africa"
49920,"Sri Lanka"
49921,Djibouti
49921,Egypt
49921,Jordan
49921,Malta
49921,Mauritius
49921,Oman
49921,"South Africa"
49921,"Sri Lanka"
49922,Djibouti
49922,Egypt
49922,Jordan
49922,Malta
49922,Mauritius
49922,Oman
49922,"South Africa"
49922,"Sri Lanka"
49923,Djibouti
49923,Egypt
49923,Jordan
49923,Malta
49923,Mauritius
49923,Oman
49923,"South Africa"
49923,"Sri Lanka"
49924,Djibouti
49924,Egypt
49924,Jordan
49924,Malta
49924,Mauritius
49924,Oman
49924,"South Africa"
49924,"Sri Lanka"
49925,Djibouti
49925,Egypt
49925,Jordan
49925,Malta
49925,Mauritius
49925,Oman
49925,"South Africa"
49925,"Sri Lanka"
49926,Djibouti
49926,Egypt
49926,Jordan
49926,Malta
49926,Mauritius
49926,Oman
49926,"South Africa"
49926,"Sri Lanka"
49927,Djibouti
49927,Egypt
49927,Jordan
49927,Malta
49927,Mauritius
49927,Oman
49927,"South Africa"
49927,"Sri Lanka"
49928,Jordan
49929,Egypt
49929,Kenya
49929,Mauritius
49929,Mozambique
49929,Oman
49929,"South Africa"
49929,"Sri Lanka"
49930,Egypt
49930,Kenya
49930,Mauritius
49930,Mozambique
49930,Oman
49930,"South Africa"
49930,"Sri Lanka"
49931,Egypt
49931,Kenya
49931,Mauritius
49931,Mozambique
49931,Oman
49931,"South Africa"
49931,"Sri Lanka"
49932,Egypt
49932,Kenya
49932,Mauritius
49932,Mozambique
49932,Oman
49932,"South Africa"
49932,"Sri Lanka"
49933,Egypt
49933,Kenya
49933,Mauritius
49933,Mozambique
49933,Oman
49933,"South Africa"
49933,"Sri Lanka"
49934,Egypt
49934,Kenya
49934,Mauritius
49934,Mozambique
49934,Oman
49934,"South Africa"
49934,"Sri Lanka"
49935,Egypt
49935,Kenya
49935,Mauritius
49935,Mozambique
49935,Oman
49935,"South Africa"
49935,"Sri Lanka"
49936,Benin
49936,Egypt
49936,Ghana
49936,India
49936,Kenya
49936,Madagascar
49936,Maldives
49936,Mauritius
49936,Mozambique
49936,Nigeria
49936,Oman
49936,Pakistan
49936,"Saudi Arabia"
49936,Seychelles
49936,"South Africa"
49936,"Sri Lanka"
49936,Tanzania
49936,Togo
49936,"United Arab Emirates"
49936,"United Kingdom"
49936,Djibouti
49937,Benin
49937,Egypt
49937,Ghana
49937,India
49937,Kenya
49937,Madagascar
49937,Maldives
49937,Mauritius
49937,Mozambique
49937,Nigeria
49937,Oman
49937,Pakistan
49937,"Saudi Arabia"
49937,Seychelles
49937,"South Africa"
49937,"Sri Lanka"
49937,Tanzania
49937,Togo
49937,"United Arab Emirates"
49937,"United Kingdom"
49938,Benin
49938,Egypt
49938,Ghana
49938,India
49938,Kenya
49938,Madagascar
49938,Maldives
49938,Mauritius
49938,Mozambique
49938,Nigeria
49938,Oman
49938,Pakistan
49938,"Saudi Arabia"
49938,Seychelles
49938,"South Africa"
49938,"Sri Lanka"
49938,Tanzania
49938,Togo
49938,"United Arab Emirates"
49938,"United Kingdom"
49939,Benin
49939,Egypt
49939,Ghana
49939,India
49939,Kenya
49939,Madagascar
49939,Maldives
49939,Mauritius
49939,Mozambique
49939,Nigeria
49939,Oman
49939,Pakistan
49939,"Saudi Arabia"
49939,Seychelles
49939,"South Africa"
49939,"Sri Lanka"
49939,Tanzania
49939,Togo
49939,"United Arab Emirates"
49939,"United Kingdom"
49940,Benin
49940,Egypt
49940,Ghana
49940,India
49940,Kenya
49940,Madagascar
49940,Maldives
49940,Mauritius
49940,Mozambique
49940,Nigeria
49940,Oman
49940,Pakistan
49940,"Saudi Arabia"
49940,Seychelles
49940,"South Africa"
49940,"Sri Lanka"
49940,Tanzania
49940,Togo
49940,"United Arab Emirates"
49940,"United Kingdom"
49941,Benin
49941,Egypt
49941,Ghana
49941,India
49941,Kenya
49941,Madagascar
49941,Maldives
49941,Mauritius
49941,Mozambique
49941,Nigeria
49941,Oman
49941,Pakistan
49941,"Saudi Arabia"
49941,Seychelles
49941,"South Africa"
49941,"Sri Lanka"
49941,Tanzania
49941,Togo
49941,"United Arab Emirates"
49941,"United Kingdom"
49942,Benin
49942,Egypt
49942,Ghana
49942,India
49942,Kenya
49942,Madagascar
49942,Maldives
49942,Mauritius
49942,Mozambique
49942,Nigeria
49942,Oman
49942,Pakistan
49942,"Saudi Arabia"
49942,Seychelles
49942,"South Africa"
49942,"Sri Lanka"
49942,Tanzania
49942,Togo
49942,"United Arab Emirates"
49942,"United Kingdom"
49943,Benin
49943,Egypt
49943,Ghana
49943,India
49943,Kenya
49943,Madagascar
49943,Maldives
49943,Mauritius
49943,Mozambique
49943,Nigeria
49943,Oman
49943,Pakistan
49943,"Saudi Arabia"
49943,Seychelles
49943,"South Africa"
49943,"Sri Lanka"
49943,Tanzania
49943,Togo
49943,"United Arab Emirates"
49943,"United Kingdom"
49944,Benin
49944,Egypt
49944,Ghana
49944,India
49944,Kenya
49944,Madagascar
49944,Maldives
49944,Mauritius
49944,Mozambique
49944,Nigeria
49944,Oman
49944,Pakistan
49944,"Saudi Arabia"
49944,Seychelles
49944,"South Africa"
49944,"Sri Lanka"
49944,Tanzania
49944,Togo
49944,"United Arab Emirates"
49944,"United Kingdom"
49944,Djibouti
49945,Benin
49945,Egypt
49945,Ghana
49945,India
49945,Kenya
49945,Madagascar
49945,Maldives
49945,Mauritius
49945,Mozambique
49945,Nigeria
49945,Oman
49945,Pakistan
49945,"Saudi Arabia"
49945,Seychelles
49945,"South Africa"
49945,"Sri Lanka"
49945,Tanzania
49945,Togo
49945,"United Arab Emirates"
49945,"United Kingdom"
49946,Benin
49946,Egypt
49946,Ghana
49946,India
49946,Kenya
49946,Madagascar
49946,Maldives
49946,Mauritius
49946,Mozambique
49946,Nigeria
49946,Oman
49946,Pakistan
49946,"Saudi Arabia"
49946,Seychelles
49946,"South Africa"
49946,"Sri Lanka"
49946,Tanzania
49946,Togo
49946,"United Arab Emirates"
49946,"United Kingdom"
49946,Djibouti
49947,Benin
49947,Egypt
49947,Ghana
49947,India
49947,Kenya
49947,Madagascar
49947,Maldives
49947,Mauritius
49947,Mozambique
49947,Nigeria
49947,Oman
49947,Pakistan
49947,"Saudi Arabia"
49947,Seychelles
49947,"South Africa"
49947,"Sri Lanka"
49947,Tanzania
49947,Togo
49947,"United Arab Emirates"
49947,"United Kingdom"
49948,Benin
49948,Egypt
49948,Ghana
49948,India
49948,Kenya
49948,Madagascar
49948,Maldives
49948,Mauritius
49948,Mozambique
49948,Nigeria
49948,Oman
49948,Pakistan
49948,"Saudi Arabia"
49948,Seychelles
49948,"South Africa"
49948,"Sri Lanka"
49948,Tanzania
49948,Togo
49948,"United Arab Emirates"
49948,"United Kingdom"
49949,Benin
49949,Egypt
49949,Ghana
49949,India
49949,Kenya
49949,Madagascar
49949,Maldives
49949,Mauritius
49949,Mozambique
49949,Nigeria
49949,Oman
49949,Pakistan
49949,"Saudi Arabia"
49949,Seychelles
49949,"South Africa"
49949,"Sri Lanka"
49949,Tanzania
49949,Togo
49949,"United Arab Emirates"
49949,"United Kingdom"
49949,Djibouti
49950,Benin
49950,Egypt
49950,Ghana
49950,India
49950,Kenya
49950,Madagascar
49950,Maldives
49950,Mauritius
49950,Mozambique
49950,Nigeria
49950,Oman
49950,Pakistan
49950,"Saudi Arabia"
49950,Seychelles
49950,"South Africa"
49950,"Sri Lanka"
49950,Tanzania
49950,Togo
49950,"United Arab Emirates"
49950,"United Kingdom"
49950,Djibouti
49951,Benin
49951,Egypt
49951,Ghana
49951,India
49951,Kenya
49951,Madagascar
49951,Maldives
49951,Mauritius
49951,Mozambique
49951,Nigeria
49951,Oman
49951,Pakistan
49951,"Saudi Arabia"
49951,Seychelles
49951,"South Africa"
49951,"Sri Lanka"
49951,Tanzania
49951,Togo
49951,"United Arab Emirates"
49951,"United Kingdom"
49952,Djibouti
49952,Egypt
49952,Madagascar
49952,Mauritius
49952,Oman
49952,"South Africa"
49952,"Sri Lanka"
49953,Benin
49953,Egypt
49953,Ghana
49953,India
49953,Kenya
49953,Madagascar
49953,Maldives
49953,Mauritius
49953,Mozambique
49953,Nigeria
49953,Oman
49953,Pakistan
49953,"Saudi Arabia"
49953,Seychelles
49953,"South Africa"
49953,"Sri Lanka"
49953,Tanzania
49953,Togo
49953,"United Arab Emirates"
49953,"United Kingdom"
49954,Benin
49954,Egypt
49954,Ghana
49954,India
49954,Kenya
49954,Madagascar
49954,Maldives
49954,Mauritius
49954,Mozambique
49954,Nigeria
49954,Oman
49954,Pakistan
49954,"Saudi Arabia"
49954,Seychelles
49954,"South Africa"
49954,"Sri Lanka"
49954,Tanzania
49954,Togo
49954,"United Arab Emirates"
49954,"United Kingdom"
49954,Djibouti
49955,Benin
49955,Egypt
49955,Ghana
49955,India
49955,Kenya
49955,Madagascar
49955,Maldives
49955,Mauritius
49955,Mozambique
49955,Nigeria
49955,Oman
49955,Pakistan
49955,"Saudi Arabia"
49955,Seychelles
49955,"South Africa"
49955,"Sri Lanka"
49955,Tanzania
49955,Togo
49955,"United Arab Emirates"
49955,"United Kingdom"
49956,Benin
49956,Egypt
49956,Ghana
49956,India
49956,Kenya
49956,Madagascar
49956,Maldives
49956,Mauritius
49956,Mozambique
49956,Nigeria
49956,Oman
49956,Pakistan
49956,"Saudi Arabia"
49956,Seychelles
49956,"South Africa"
49956,"Sri Lanka"
49956,Tanzania
49956,Togo
49956,"United Arab Emirates"
49957,Benin
49957,Egypt
49957,Ghana
49957,India
49957,Kenya
49957,Madagascar
49957,Maldives
49957,Mauritius
49957,Mozambique
49957,Nigeria
49957,Oman
49957,Pakistan
49957,"Saudi Arabia"
49957,Seychelles
49957,"South Africa"
49957,"Sri Lanka"
49957,Tanzania
49957,Togo
49957,"United Arab Emirates"
49958,Benin
49958,Egypt
49958,Ghana
49958,India
49958,Kenya
49958,Madagascar
49958,Maldives
49958,Mauritius
49958,Mozambique
49958,Nigeria
49958,Oman
49958,Pakistan
49958,"Saudi Arabia"
49958,Seychelles
49958,"South Africa"
49958,"Sri Lanka"
49958,Tanzania
49958,Togo
49958,"United Arab Emirates"
49959,Benin
49959,Egypt
49959,Ghana
49959,India
49959,Kenya
49959,Madagascar
49959,Maldives
49959,Mauritius
49959,Mozambique
49959,Nigeria
49959,Oman
49959,Pakistan
49959,"Saudi Arabia"
49959,Seychelles
49959,"South Africa"
49959,"Sri Lanka"
49959,Tanzania
49959,Togo
49959,"United Arab Emirates"
49960,Benin
49960,Egypt
49960,Ghana
49960,India
49960,Kenya
49960,Madagascar
49960,Maldives
49960,Mauritius
49960,Mozambique
49960,Nigeria
49960,Oman
49960,Pakistan
49960,"Saudi Arabia"
49960,Seychelles
49960,"South Africa"
49960,"Sri Lanka"
49960,Tanzania
49960,Togo
49960,"United Arab Emirates"
49961,Benin
49961,Egypt
49961,Ghana
49961,India
49961,Kenya
49961,Madagascar
49961,Maldives
49961,Mauritius
49961,Mozambique
49961,Nigeria
49961,Oman
49961,Pakistan
49961,"Saudi Arabia"
49961,Seychelles
49961,"South Africa"
49961,"Sri Lanka"
49961,Tanzania
49961,Togo
49961,"United Arab Emirates"
49962,Benin
49962,Egypt
49962,Ghana
49962,India
49962,Kenya
49962,Madagascar
49962,Maldives
49962,Mauritius
49962,Mozambique
49962,Nigeria
49962,Oman
49962,Pakistan
49962,"Saudi Arabia"
49962,Seychelles
49962,"South Africa"
49962,"Sri Lanka"
49962,Tanzania
49962,Togo
49962,"United Arab Emirates"
49963,Benin
49963,Egypt
49963,Ghana
49963,India
49963,Kenya
49963,Madagascar
49963,Maldives
49963,Mauritius
49963,Mozambique
49963,Nigeria
49963,Oman
49963,Pakistan
49963,"Saudi Arabia"
49963,Seychelles
49963,"South Africa"
49963,"Sri Lanka"
49963,Tanzania
49963,Togo
49963,"United Arab Emirates"
49964,Benin
49964,Egypt
49964,Ghana
49964,India
49964,Kenya
49964,Madagascar
49964,Maldives
49964,Mauritius
49964,Mozambique
49964,Nigeria
49964,Oman
49964,Pakistan
49964,"Saudi Arabia"
49964,Seychelles
49964,"South Africa"
49964,"Sri Lanka"
49964,Tanzania
49964,Togo
49964,"United Arab Emirates"
49965,Benin
49965,Egypt
49965,Ghana
49965,India
49965,Kenya
49965,Madagascar
49965,Maldives
49965,Mauritius
49965,Mozambique
49965,Nigeria
49965,Oman
49965,Pakistan
49965,"Saudi Arabia"
49965,Seychelles
49965,"South Africa"
49965,"Sri Lanka"
49965,Tanzania
49965,Togo
49965,"United Arab Emirates"
49966,Benin
49966,Egypt
49966,Ghana
49966,India
49966,Kenya
49966,Madagascar
49966,Maldives
49966,Mauritius
49966,Mozambique
49966,Nigeria
49966,Oman
49966,Pakistan
49966,"Saudi Arabia"
49966,Seychelles
49966,"South Africa"
49966,"Sri Lanka"
49966,Tanzania
49966,Togo
49966,"United Arab Emirates"
49967,Benin
49967,Egypt
49967,Ghana
49967,India
49967,Kenya
49967,Madagascar
49967,Maldives
49967,Mauritius
49967,Mozambique
49967,Nigeria
49967,Oman
49967,Pakistan
49967,"Saudi Arabia"
49967,Seychelles
49967,"South Africa"
49967,"Sri Lanka"
49967,Tanzania
49967,Togo
49967,"United Arab Emirates"
49968,Benin
49968,Egypt
49968,Ghana
49968,India
49968,Kenya
49968,Madagascar
49968,Maldives
49968,Mauritius
49968,Mozambique
49968,Nigeria
49968,Oman
49968,Pakistan
49968,"Saudi Arabia"
49968,Seychelles
49968,"South Africa"
49968,"Sri Lanka"
49968,Tanzania
49968,Togo
49968,"United Arab Emirates"
49969,Benin
49969,Egypt
49969,Ghana
49969,India
49969,Kenya
49969,Madagascar
49969,Maldives
49969,Mauritius
49969,Mozambique
49969,Nigeria
49969,Oman
49969,Pakistan
49969,"Saudi Arabia"
49969,Seychelles
49969,"South Africa"
49969,"Sri Lanka"
49969,Tanzania
49969,Togo
49969,"United Arab Emirates"
49970,Benin
49970,Egypt
49970,Ghana
49970,India
49970,Kenya
49970,Madagascar
49970,Maldives
49970,Mauritius
49970,Mozambique
49970,Nigeria
49970,Oman
49970,Pakistan
49970,"Saudi Arabia"
49970,Seychelles
49970,"South Africa"
49970,"Sri Lanka"
49970,Tanzania
49970,Togo
49970,"United Arab Emirates"
49971,Benin
49971,Egypt
49971,Ghana
49971,India
49971,Kenya
49971,Madagascar
49971,Maldives
49971,Mauritius
49971,Mozambique
49971,Nigeria
49971,Oman
49971,Pakistan
49971,"Saudi Arabia"
49971,Seychelles
49971,"South Africa"
49971,"Sri Lanka"
49971,Tanzania
49971,Togo
49971,"United Arab Emirates"
49972,Benin
49972,Egypt
49972,Ghana
49972,India
49972,Kenya
49972,Madagascar
49972,Maldives
49972,Mauritius
49972,Mozambique
49972,Nigeria
49972,Oman
49972,Pakistan
49972,"Saudi Arabia"
49972,Seychelles
49972,"South Africa"
49972,"Sri Lanka"
49972,Tanzania
49972,Togo
49972,"United Arab Emirates"
49973,Benin
49973,Egypt
49973,Ghana
49973,India
49973,Kenya
49973,Madagascar
49973,Maldives
49973,Mauritius
49973,Mozambique
49973,Nigeria
49973,Oman
49973,Pakistan
49973,"Saudi Arabia"
49973,Seychelles
49973,"South Africa"
49973,"Sri Lanka"
49973,Tanzania
49973,Togo
49973,"United Arab Emirates"
49974,Benin
49974,Egypt
49974,Ghana
49974,India
49974,Kenya
49974,Madagascar
49974,Maldives
49974,Mauritius
49974,Mozambique
49974,Nigeria
49974,Oman
49974,Pakistan
49974,"Saudi Arabia"
49974,Seychelles
49974,"South Africa"
49974,"Sri Lanka"
49974,Tanzania
49974,Togo
49974,"United Arab Emirates"
49975,Djibouti
49975,Malta
49975,Mauritius
49975,Oman
49975,"Sri Lanka"
49976,Djibouti
49976,Malta
49976,Mauritius
49976,Oman
49976,"Sri Lanka"
49977,Djibouti
49977,Malta
49977,Mauritius
49977,Oman
49977,"Sri Lanka"
49978,Djibouti
49978,Malta
49978,Mauritius
49978,Oman
49978,"Sri Lanka"
49979,Djibouti
49979,Malta
49979,Mauritius
49979,Oman
49979,"Sri Lanka"
49980,Djibouti
49980,Kenya
49980,Madagascar
49980,Maldives
49980,Malta
49980,Mauritius
49980,Oman
49980,"South Africa"
49980,"Sri Lanka"
49981,Djibouti
49981,Kenya
49981,Madagascar
49981,Maldives
49981,Malta
49981,Mauritius
49981,Oman
49981,"South Africa"
49981,"Sri Lanka"
49982,Djibouti
49982,Kenya
49982,Madagascar
49982,Maldives
49982,Malta
49982,Mauritius
49982,Oman
49982,"South Africa"
49982,"Sri Lanka"
49983,Djibouti
49983,Kenya
49983,Madagascar
49983,Maldives
49983,Malta
49983,Mauritius
49983,Oman
49983,"South Africa"
49983,"Sri Lanka"
49984,Djibouti
49984,Kenya
49984,Madagascar
49984,Maldives
49984,Malta
49984,Mauritius
49984,Oman
49984,"South Africa"
49984,"Sri Lanka"
49985,Djibouti
49985,Kenya
49985,Madagascar
49985,Maldives
49985,Malta
49985,Mauritius
49985,Oman
49985,"South Africa"
49985,"Sri Lanka"
49986,Djibouti
49986,Kenya
49986,Madagascar
49986,Maldives
49986,Malta
49986,Mauritius
49986,Oman
49986,"South Africa"
49986,"Sri Lanka"
49987,Djibouti
49987,Kenya
49987,Madagascar
49987,Maldives
49987,Malta
49987,Mauritius
49987,Oman
49987,"South Africa"
49987,"Sri Lanka"
49988,Djibouti
49988,Kenya
49988,Madagascar
49988,Maldives
49988,Malta
49988,Mauritius
49988,Oman
49988,"South Africa"
49988,"Sri Lanka"
49989,Jordan
49990,Malaysia
49990,"United Kingdom"
49990,France
49991,Malaysia
49991,"United Kingdom"
49991,France
49992,Malaysia
49992,"United Kingdom"
49992,France
49993,Malaysia
49993,"United Kingdom"
49993,France
49994,"Non Specific Country"
49995,Malaysia
49995,"United Kingdom"
49995,France
49996,Malaysia
49996,"United Kingdom"
49996,France
49997,Malaysia
49997,"United Kingdom"
49997,France
49998,Malaysia
49998,"United Kingdom"
49998,France
49999,Malaysia
49999,"United Kingdom"
49999,France
50000,Malaysia
50000,"United Kingdom"
50000,France
50001,Malaysia
50001,"United Kingdom"
50001,France
50002,"United Arab Emirates"
50003,Malaysia
50003,France
50004,Malaysia
50004,"United Kingdom"
50004,France
50005,Djibouti
50005,Egypt
50005,Kenya
50005,Madagascar
50005,Maldives
50005,Malta
50005,Mauritius
50005,Oman
50005,"South Africa"
50005,"Sri Lanka"
50005,Tanzania
50005,"United Arab Emirates"
50006,Djibouti
50006,Egypt
50006,Kenya
50006,Madagascar
50006,Maldives
50006,Malta
50006,Mauritius
50006,Oman
50006,"South Africa"
50006,"Sri Lanka"
50006,Tanzania
50006,"United Arab Emirates"
50007,Djibouti
50007,Egypt
50007,Kenya
50007,Madagascar
50007,Maldives
50007,Malta
50007,Mauritius
50007,Oman
50007,"South Africa"
50007,"Sri Lanka"
50007,Tanzania
50007,"United Arab Emirates"
50008,Djibouti
50008,Egypt
50008,Kenya
50008,Madagascar
50008,Maldives
50008,Malta
50008,Mauritius
50008,Oman
50008,"South Africa"
50008,"Sri Lanka"
50008,Tanzania
50008,"United Arab Emirates"
50009,Djibouti
50009,Egypt
50009,Kenya
50009,Madagascar
50009,Maldives
50009,Malta
50009,Mauritius
50009,Oman
50009,"South Africa"
50009,"Sri Lanka"
50009,Tanzania
50009,"United Arab Emirates"
50010,Djibouti
50010,Egypt
50010,Kenya
50010,Madagascar
50010,Maldives
50010,Malta
50010,Mauritius
50010,Oman
50010,"South Africa"
50010,"Sri Lanka"
50010,Tanzania
50010,"United Arab Emirates"
50011,Djibouti
50011,Egypt
50011,Kenya
50011,Madagascar
50011,Maldives
50011,Malta
50011,Mauritius
50011,Oman
50011,"South Africa"
50011,"Sri Lanka"
50011,Tanzania
50011,"United Arab Emirates"
50012,Djibouti
50012,Egypt
50012,Kenya
50012,Madagascar
50012,Maldives
50012,Malta
50012,Mauritius
50012,Oman
50012,"South Africa"
50012,"Sri Lanka"
50012,Tanzania
50012,"United Arab Emirates"
50013,Djibouti
50013,Egypt
50013,Kenya
50013,Madagascar
50013,Maldives
50013,Malta
50013,Mauritius
50013,Oman
50013,"South Africa"
50013,"Sri Lanka"
50013,Tanzania
50013,"United Arab Emirates"
50014,Djibouti
50014,Egypt
50014,Kenya
50014,Madagascar
50014,Maldives
50014,Malta
50014,Mauritius
50014,Oman
50014,"South Africa"
50014,"Sri Lanka"
50014,Tanzania
50014,"United Arab Emirates"
50015,Djibouti
50015,Egypt
50015,Kenya
50015,Madagascar
50015,Maldives
50015,Malta
50015,Mauritius
50015,Oman
50015,"South Africa"
50015,"Sri Lanka"
50015,Tanzania
50015,"United Arab Emirates"
50016,Djibouti
50016,Egypt
50016,Kenya
50016,Madagascar
50016,Maldives
50016,Malta
50016,Mauritius
50016,Oman
50016,"South Africa"
50016,"Sri Lanka"
50016,Tanzania
50016,"United Arab Emirates"
50017,"South Africa"
50018,"South Africa"
50019,"South Africa"
50020,"South Africa"
50021,"South Africa"
50022,"South Africa"
50023,"South Africa"
50024,"South Africa"
50025,"South Africa"
50026,"South Africa"
50027,"South Africa"
50028,"South Africa"
50029,"South Africa"
50030,"South Africa"
50031,"South Africa"
50032,"South Africa"
50033,"South Africa"
50034,"South Africa"
50035,"South Africa"
50036,"South Africa"
50037,"South Africa"
50038,"South Africa"
50039,Iraq
50040,Jordan
50040,"United Kingdom"
50041,Jordan
50042,Jordan
50043,Jordan
50044,Jordan
50045,Jordan
50047,Italy
50047,Malaysia
50048,Italy
50048,Malaysia
50049,Italy
50049,Malaysia
50050,Italy
50050,Malaysia
50051,Italy
50051,Malaysia
50052,Italy
50052,Malaysia
50053,Italy
50053,Malaysia
50054,Italy
50054,Malaysia
50055,Italy
50055,Malaysia
50056,Italy
50056,Malaysia
50057,Angola
50057,Austria
50057,Botswana
50057,Bulgaria
50057,Cameroon
50057,Chad
50057,Denmark
50057,"Equatorial Guinea"
50057,France
50057,Gabon
50057,Germany
50057,Ghana
50057,Greece
50057,"Guinea, Republic of"
50057,Hungary
50057,Israel
50057,Italy
50057,Kenya
50057,Mauritania
50057,Morocco
50057,Mozambique
50057,Namibia
50057,Netherlands
50057,Nigeria
50057,Norway
50057,Poland
50057,Portugal
50057,"Republic of Congo"
50057,Romania
50057,Senegal
50057,Slovenia
50057,"South Africa"
50057,Spain
50057,Switzerland
50057,Tanzania
50057,Turkey
50057,Uganda
50057,Ukraine
50057,"United States of America"
50058,Angola
50058,Austria
50058,Botswana
50058,Bulgaria
50058,Cameroon
50058,Chad
50058,Denmark
50058,"Equatorial Guinea"
50058,France
50058,Gabon
50058,Germany
50058,Ghana
50058,Greece
50058,"Guinea, Republic of"
50058,Hungary
50058,Israel
50058,Italy
50058,Kenya
50058,Mauritania
50058,Morocco
50058,Mozambique
50058,Namibia
50058,Netherlands
50058,Nigeria
50058,Norway
50058,Poland
50058,Portugal
50058,"Republic of Congo"
50058,Romania
50058,Senegal
50058,Slovenia
50058,"South Africa"
50058,Spain
50058,Switzerland
50058,Tanzania
50058,Turkey
50058,Uganda
50058,Ukraine
50058,"United States of America"
50059,Angola
50059,Austria
50059,Botswana
50059,Bulgaria
50059,Cameroon
50059,Chad
50059,Denmark
50059,"Equatorial Guinea"
50059,France
50059,Gabon
50059,Germany
50059,Ghana
50059,Greece
50059,"Guinea, Republic of"
50059,Hungary
50059,Israel
50059,Italy
50059,Kenya
50059,Mauritania
50059,Morocco
50059,Mozambique
50059,Namibia
50059,Netherlands
50059,Nigeria
50059,Norway
50059,Poland
50059,Portugal
50059,"Republic of Congo"
50059,Romania
50059,Senegal
50059,Slovenia
50059,"South Africa"
50059,Spain
50059,Switzerland
50059,Tanzania
50059,Turkey
50059,Uganda
50059,Ukraine
50059,"United States of America"
50060,Angola
50060,Austria
50060,Botswana
50060,Bulgaria
50060,Cameroon
50060,Chad
50060,Denmark
50060,"Equatorial Guinea"
50060,France
50060,Gabon
50060,Germany
50060,Ghana
50060,Greece
50060,"Guinea, Republic of"
50060,Hungary
50060,Israel
50060,Italy
50060,Kenya
50060,Mauritania
50060,Morocco
50060,Mozambique
50060,Namibia
50060,Netherlands
50060,Nigeria
50060,Norway
50060,Poland
50060,Portugal
50060,"Republic of Congo"
50060,Romania
50060,Senegal
50060,Slovenia
50060,"South Africa"
50060,Spain
50060,Switzerland
50060,Tanzania
50060,Turkey
50060,Uganda
50060,Ukraine
50060,"United States of America"
50061,Angola
50061,Austria
50061,Botswana
50061,Bulgaria
50061,Cameroon
50061,Chad
50061,Denmark
50061,"Equatorial Guinea"
50061,France
50061,Gabon
50061,Germany
50061,Ghana
50061,Greece
50061,"Guinea, Republic of"
50061,Hungary
50061,Israel
50061,Italy
50061,Kenya
50061,Mauritania
50061,Morocco
50061,Mozambique
50061,Namibia
50061,Netherlands
50061,Nigeria
50061,Norway
50061,Poland
50061,Portugal
50061,"Republic of Congo"
50061,Romania
50061,Senegal
50061,Slovenia
50061,"South Africa"
50061,Spain
50061,Switzerland
50061,Tanzania
50061,Turkey
50061,Uganda
50061,Ukraine
50061,"United States of America"
50062,"South Africa"
50063,"South Africa"
50064,"South Africa"
50065,"South Africa"
50066,"South Africa"
50067,Jordan
50068,Jordan
50069,Jordan
50070,Jordan
50071,Jordan
50072,Jordan
50073,Jordan
50074,Malaysia
50074,France
50075,Malaysia
50075,France
50076,Malaysia
50076,France
50077,"South Africa"
50078,"South Africa"
50079,"Non Specific Country"
50080,"Non Specific Country"
50081,"Non Specific Country"
50082,Australia
50082,Belgium
50082,Canada
50082,Denmark
50082,Egypt
50082,France
50082,Germany
50082,Ireland
50082,Italy
50082,Netherlands
50082,Norway
50082,Singapore
50082,Spain
50082,Sweden
50082,Switzerland
50082,"United States of America"
50083,Libya
50084,"South Africa"
50085,"South Africa"
50086,Albania
50086,Bulgaria
50086,"Czech Republic"
50086,Romania
50086,Russia
50086,Ukraine
50086,"United Arab Emirates"
50087,"United States of America"
50088,Cyprus
50088,Djibouti
50088,Egypt
50088,Kenya
50088,Kuwait
50088,Madagascar
50088,Maldives
50088,Malta
50088,Mauritius
50088,Mozambique
50088,Oman
50088,Seychelles
50088,Singapore
50088,"South Africa"
50088,"Sri Lanka"
50088,"United Arab Emirates"
50089,Cyprus
50089,Djibouti
50089,Egypt
50089,Kenya
50089,Kuwait
50089,Madagascar
50089,Maldives
50089,Malta
50089,Mauritius
50089,Mozambique
50089,Oman
50089,Seychelles
50089,Singapore
50089,"South Africa"
50089,"Sri Lanka"
50089,"United Arab Emirates"
50090,Cyprus
50090,Djibouti
50090,Egypt
50090,Kenya
50090,Kuwait
50090,Madagascar
50090,Maldives
50090,Malta
50090,Mauritius
50090,Mozambique
50090,Oman
50090,Seychelles
50090,Singapore
50090,"South Africa"
50090,"Sri Lanka"
50090,"United Arab Emirates"
50091,Cyprus
50091,Djibouti
50091,Egypt
50091,Kenya
50091,Kuwait
50091,Madagascar
50091,Maldives
50091,Malta
50091,Mauritius
50091,Mozambique
50091,Oman
50091,Seychelles
50091,Singapore
50091,"South Africa"
50091,"Sri Lanka"
50091,"United Arab Emirates"
50092,Cyprus
50092,Djibouti
50092,Egypt
50092,Kenya
50092,Kuwait
50092,Madagascar
50092,Maldives
50092,Malta
50092,Mauritius
50092,Mozambique
50092,Oman
50092,Seychelles
50092,Singapore
50092,"South Africa"
50092,"Sri Lanka"
50092,"United Arab Emirates"
50093,Malaysia
50093,"United Kingdom"
50093,France
50094,Malaysia
50094,"United Kingdom"
50094,France
50095,Jordan
